"影城名称","银幕宽度（米)","银幕高度（米)","银幕面积（平方米)","座位数（个)"
"香港MY CINEMA YOHO MALL","20.140
19.871","11.000
10.335","221.5400
205.3667","409"
"香港英皇戲院（尖沙咀iSQUARE）","20.940
21.184","11.800
11.266","247.0920
238.6589","458"
"香港MCL CINEMAS（K11 Art House）","20.700
20.802","11.770
11.514","243.6390
239.5142","368"
"香港B+ cinema MOKO (旺角東)","16.330
16.911","9.260
8.723","151.2158
147.5146","268
264"
"香港影藝戲院(MegaBox)","17.700
18.000
17.538","12.640
11.400
9.528 ","227.5200
201.7800
167.1020","267 + 4 輪椅專用位置"
"上海万达影城（松江万达广场店）","22.388 ","11.229 ","251.3948","395"
"上海万达影城（颛桥龙盛广场店）","19.864 ","10.421 ","207.0027","372
201"
"上海横店电影城（IMAX奉贤宝龙店）","19.164 ","10.487 ","200.9728","273"
"上海SFC上影影城（天山缤谷IMAX店）","18.338 ","9.809 ","179.8774","192"
"上海CGV影城（七宝店） ","19.126 ","10.263 ","196.2901","214"
"上海星轶IMAX影城（九亭U天地旗舰店）","19.570
18.688","11.390
9.915","222.9023
185.2915","263"
"上海SFC上影百联影城（八佰伴IMAX店）","14.005 ","6.913 "," 96.8165","305"
"上海SFC上影影城（绿地缤纷城IMAX店）","18.389 ","9.882 ","181.7200","224"
"上海SFC上影影城（金桥太茂IMAX店）","21.785 ","11.583 ","252.3356","330"
"上海SFC上影百联影城（川沙IMAX店）","19.628 ","10.416 ","204.4452","180"
"上海幸福蓝海国际影城（宝山龙湖IMAX店）","25.440
23.286","13.230
12.300","336.5712
286.4178","288"
"上海CGV影城（白玉兰广场店）","22.624 ","11.862 ","268.3658","222"
"上海寰映影城（大融城店）","25.880
23.453","13.460
12.678","348.3450
297.3371","329"
"上海博悦汇影城（BFC IMAX店)","14.800
14.901","8.400
8.262","124.3200
123.1120","224"
"上海百丽宫影城（LCM置汇旭辉广场店）","20.332 ","10.818 ","219.8433","308"
"上海万达影城（宝山万达广场店）","20.050
20.050
18.900
18.881","10.488
10.480
10.450
10.188","210.2844
210.1240
197.5050
192.3596","241
229"
"上海万达影城（青浦万达茂店）","25.760
23.633","13.680
12.605","352.3968
297.8939","333"
"上海万达影城（浦江万达广场店)","20.760
18.764","10.780
9.781","223.7928
183.5306","271"
"上海幸福蓝海国际影城（招商花园城IMAX店）","21.680
20.100
20.057","11.400
11.340
10.751","247.1520
227.9340
215.6328","274"
"上海万达影城（宝乐汇店)","19.830
18.469","10.270
9.950","203.6541
183.7665","198
218"
"上海万达影城（崇明万达广场店)","22.130
20.859","11.790
11.336","260.9127
236.4576","356"
"上海万达影城（马桥万达广场店)","20.890
20.008","11.240
10.686","234.8036
213.8054","268"
"上海金逸影城（凯德虹口激光IMAX店）","17.820
16.479","8.440
7.937","150.4008
130.7938","246"
"上海百丽宫影城（博荟广场店）","19.490
18.213","10.110
9.810","197.0439
179.8774","202"
"上海万达影城（金山万达广场店）","23.160
21.400
21.335","12.100
11.560
11.609","280.2360
247.3840
247.6780","375"
"上海寰映影城（太阳宫店）","19.860
18.319","10.190
10.078 ","202.3734
182.8048","214"
"上海MOViE MOViE影城（前滩太古里店）","24.410
22.578","12.590
12.071","307.3219
272.5390","301"
"上海万达影城（临港万达广场店) ","16.490
15.318","8.520
8.245","140.4948
126.2969","220"
"上海寰映影城（大宁久光店）","18.030
17.891","9.340
9.340","168.4002
167.1019","186"
"上海CGV影城（天空万科广场店）","18.770
17.500","9.800
9.555","183.9460
167.2125","285"
"上海百丽宫影城（环贸iapm店）","16.709 ","9.120 ","152.3860","217"
"上海UME影城（虹桥天地店)","21.800
21.403","11.800
11.508","257.2400
246.3067","207"
"上海博悦汇影城（环宇城IMAX店)","16.549 ","8.843 ","146.3428","236"
"上海SFC上影影城（港汇永华IMAX激光店)","15.240
15.264","7.850
7.458","119.6340
113.8389","298"
"上海万达影城（周浦万达广场店）","20.750
20.180
18.850
18.882","10.800
10.382
10.380
10.152","224.1000
209.5087
195.6630
191.6900","315
257"
"上海寰映影城（荟聚店）","20.120
19.757","10.550
10.264","212.2660
202.7858","279"
"上海万达影城（江桥万达广场店）","21.340
23.210
22.420
21.195","11.960
11.957
11.850
11.670","255.2264 
277.5220
265.6770
247.3456","378"
"上海万达影城（五角场万达广场店）","22.810
22.960
21.789","12.048
11.500
11.467","274.8148
264.0400
249.8544","414
347"
"上海沃美影城（宝山经纬汇激光IMAX店）","20.340
19.835","10.500
10.453","213.5700
207.3352","277"
"上海寰映影城（陆悦天地店）","18.870
16.923","9.600
8.889","181.1520
150.4285","177"
"上海寰映影城（前湾MEGA店）","19.730
18.111","10.250
10.057","202.2325
182.1423","208"
"上海正大乐影城（正大广场IMAX店）
原星美国际影商城（正大店）","24.380
25.720
24.380
24.457","13.880
14.030
13.600
13.619","338.3944
360.8516
331.5680
333.0798","453
445
426"
"上海寰映影城（新嘉中心店）","16.000 ","7.000 ","112.0000","172"
"上海儒意影城（长泰广场店）","","","",""
"哈尔滨黑龙江省科学技术馆","23.000 ","特别提示：开场前至少30分钟购票!","","300"
"哈尔滨万达影城（悦荟广场店）","16.842 ","8.656 ","145.7843","425"
"哈尔滨万达影城（万达文化旅游城店）","20.000 ","11.000 ","220.0000","368"
"哈尔滨万达影城（五常金街时代广场店）","  ","   ","  ","361"
"哈尔滨万象影城（万象汇IMAX激光店）","22.526 ","12.126 ","273.1503","485"
"哈尔滨万达影城（哈西万达广场店）","20.540 ","11.490 ","236.0046","404"
"哈尔滨博纳国际影城（银泰IMAX店）","22.740 ","11.790 ","268.1046","388"
"哈尔滨金逸影城（憬荟IMAX店）","21.500 ","11.600 ","249.4000","391"
"哈尔滨儒意影城（哈东万达广场店）- 原万达影城
原万达影城（哈东万达IMAXGT双激光店）
（原哈尔滨泰莱时代影城）","29.900
28.360
27.975","21.030
21.030
21.030（地板到天花板高度22.467）","628.7970
596.4108
588.3142","539"
"哈尔滨万达影城（香坊万达广场店）","20.210
20.700","10.790
10.700","218.0659
221.4900","338"
"哈尔滨万达影城（松雷广场店）","18.520 ","9.670 ","179.0884","191"
"大庆万达影城（萨尔图万达广场店）","  ","  ","  ","288"
"大庆万达影城（让胡路万达广场店) ","","","","428"
"齐齐哈尔万达影城（万达广场店）","  ","  ","  ","353"
"佳木斯万达影城（万达广场店）","21.400 ","11.390 ","243.7460","374"
"鸡西万达影城（万达广场店）","  ","  ","  ","431"
"牡丹江万达影城（万达广场店）","20.699 ","11.307 ","234.0435","326"
"绥化万达影城（万达广场店)","20.050 ","10.700 ","214.5350","364"
"台北美麗華大直影城
原台北美麗華華納威秀影城","28.000
28.800
28.400","21.000
21.150
20.540","588.0000
609.1200
583.3360","404"
"台中老虎城威秀影城","15.390 ","8.560 ","131.7384","307"
"台中大遠百威秀影城","18.250 ","9.350 ","170.6375","391"
"新竹巨城威秀影城","17.760 ","9.690 ","172.0944","260"
"台南南紡威秀影城","21.800 ","12.200 ","265.9600","390"
"桃園美麗新台茂影城","17.760 ","9.750 ","173.1600","329"
"花蓮新天堂樂園威秀影城","21.330 ","12.030 ","256.5999","368"
"嘉義In89豪華影城","","","","221"
"高雄大遠百威秀影城","15.880 ","8.160 ","129.5808","279"
"新北板橋大遠百威秀影城","21.330 ","11.460 ","244.4418","404"
"新北新店裕隆城威秀影城","","","","352"
"南京万达影城（建邺万达广场店）","21.358 ","11.435 ","244.2287","367"
"南京万达影城（江宁万达广场店）","20.587 ","11.085 ","228.2068","372"
"南京金逸影城（光美江宁弘阳IMAX店）","24.600
22.366","12.470
11.989","306.7620
268.1459","471"
"南京幸福蓝海国际影城（常发IMAX店）","21.900 ","11.750 ","257.3250","370"
"南京卢米埃IMAX影城（弘阳杜比全景声激光店）B馆","22.750
20.923","11.800
11.280","268.4500
236.0114","311"
"南京万达影城（仙林万达茂店）","22.850
21.057","11.760
11.141","268.7160
234.5960","345"
"南京万达影城（六合欢乐港店）","18.850 ","10.650 ","200.7525","243"
"南京幸福蓝海国际影城（燕子矶招商花园城IMAX店）","21.840 ","11.410 ","249.1944","350"
"南京幸福蓝海国际影城（溧水IMAX店）","20.490 ","10.770 ","220.6773","330"
"南京金逸影城（溧水时代广场IMAX店）","22.080 ","11.640 ","257.0112","351"
"南京CGV影城（华采天地店）","21.300
19.205","11.050
10.198 ","235.3650
195.8525","236"
"南京幸福蓝海国际影城（IMAX激光环宇城店)","21.920
20.504","11.450
11.116","250.9840
227.9224","383"
"南京博纳国际影城（江北IMAX店) ","18.970 ","10.300 ","195.3910","241"
"南京星轶IMAX影城（雨花吾悦广场店）","19.990
18.700","10.000
9.842","199.9000
184.0454","394"
"南京万达影城（浦口白马店) ","17.530
16.768","9.360
9.043","164.0808
151.6330","214"
"南京卢米埃IMAX影城（龙蟠汇激光店)","21.390 ","11.150 ","238.4985","338"
"南京幸福蓝海国际影城（江北虹悦城IMAX店)","20.840
19.903 ","11.200
10.411","233.4080
207.2101","322"
"南京幸福蓝海国际影城（金陵天地IMAX店）","20.390 ","10.590 ","215.9301","278"
"南京海上明珠国际影城（雨花客厅店）没钱秘钥被停","23.710 ","12.250 ","290.4475","427"
"苏州幸福蓝海国际影城（石路IMAX店）","26.090
24.034","13.860
13.150","361.6074
316.0471","402"
"苏州万达影城（平江万达广场店）","19.580 ","10.389 ","203.4166","342"
"苏州万达影城（吴中万达广场店）","22.520
21.035","11.790
11.369","265.5108
239.1469","376"
"苏州幸福蓝海国际影城（绿宝店）","24.060
22.528","12.820
12.079","308.4492
272.1157","347"
"苏州幸福蓝海国际影城（文体中心IMAX店）","22.780
21.371","12.150
11.337","276.7770
242.2830","313"
"苏州CGV影城（中心店）","23.380
21.211","12.240
11.566","286.1712
245.3264","294"
"苏州万达影城（奥体中心店)","16.600 ","9.210 ","152.8860","310"
"苏州万达影城（新湖广场店)","17.075 ","9.447 ","161.3075","271"
"苏州苏州湾影城IMAX","21.550
20.559","11.410
10.763","245.8855
221.2765","272"
"苏州CGV影城（大悦城店) ","18.020
16.753","9.240
8.852","166.5048
148.2975","213"
"苏州星光嘉映影城（IMAX龙湖天街相城店）","20.530
19.578","10.950
10.880","224.8035
213.0086","300"
"苏州苏艺影城（艺术中心IMAX激光店)","21.336
22.420
21.353","13.345
11.950
11.836","284.7289
267.9190
252.7341","384"
"太仓幸福蓝海国际影城（华发IMAX店）","21.640
20.655","11.670
10.884","252.5388
224.8090","323"
"太仓万达影城（万达广场店）","22.140
20.700
20.713","12.600
11.580
11.093","255.7800
239.7060
229.7693","363"
"昆山万达影城（万达广场店)","19.327 ","10.473 ","202.4116","363"
"昆山万象影城（万象汇IMAX激光店) ","23.840
21.973","12.300
11.637","293.2320
255.6998","443"
"张家港幸福蓝海国际影城（IMAX店）","24.700
24.490","14.850
13.171","366.7950
322.5577","402"
"张家港万达影城（万达广场店)","22.850
20.345","11.760
10.791","268.7160
219.5428","403"
"常熟万达影城（万达广场店)","21.710
20.279","11.340
10.872","246.1914
220.4732","361"
"常州万达影城（新北万达广场店）","21.200
19.701","10.997
10.494","233.1364
206.7422","337"
"常州万达影城（武进万达广场店）","20.741 ","11.244 ","297.7442","411"
"常州幸福蓝海国际影城（九洲店）","21.500
19.946","11.210
10.872","241.0150
216.8529","331"
"常州SFC上影影城（环球港IMAX店)","24.475
24.392","13.870
12.817","339.4682
312.6322","547"
"常州CGV影城（龙城天街店)","20.220
17.978","10.490
9.797","212.1078
176.1304","208"
"常州幸福蓝海国际影城（溧阳上河城IMAX店）","21.320 ","11.260 ","240.0632","386"
"金坛星轶IMAX影城（金坛吾悦广场旗舰店）","25.140
23.638","13.430
12.596","337.6302
297.7442","442"
"无锡万达影城（惠山万达广场店）","24.630
22.700","12.825
12.541","315.8798
284.6807","409"
"无锡万达影城（融创茂店）","21.180
19.977","11.030
11.265","233.6154
225.0409","353"
"无锡万达影城（新吴万达广场店) ","18.687 ","9.677 ","180.8340","354"
"无锡大世界影城（中山路IMAX激光店）","20.820
19.100
19.158","10.830
10.600
11.108","225.4806
202.4600
212.8070","378"
"无锡金逸影城（光美荟聚IMAX激光店）","23.140
23.220
21.768","12.340
12.680
11.778","285.5476
294.4296
256.3835","355"
"无锡CGV影城（八佰伴店) ","20.340 ","10.730 ","218.2482","192"
"无锡金逸影城（方圆荟店) ","21.840 ","12.030 ","262.7352","402"
"无锡大世界影城（江南大悦城店）","21.715 ","11.187 ","242.9257","368"
"无锡大世界影城（圆融IMAX店）","19.420 ","10.350 ","200.9970","199"
"无锡万达影城（滨湖万达广场店）","23.210
23.170","11.968
11.968","277.7772
277.2985","403"
"宜兴万达影城（万达广场店）","21.320
20.326","11.300
10.980","240.9160
223.1794","421"
"江阴万达影城（万达广场店）","  ","  ","","363"
"江阴金逸影城（美嘉城IMAX店）","25.750
23.962","13.860
12.762","356.8950
305.8030","349"
"江阴幸福蓝海国际影城（南门IMAX店)","22.160 ","11.970 ","265.2552","325"
"镇江星轶IMAX影城（丁卯吾悦广场旗舰店）","20.020 ","10.320 ","206.6064","324"
"镇江万达影城（万达广场店）","16.870
16.840","8.722
8.880","147.1401
149.5392","244"
"丹阳幸福蓝海国际影城（八佰伴店）","25.800 ","13.890 ","358.3620","434"
"徐州万达影城（铜山万达广场店）","21.850 ","11.650 ","254.5525","372"
"徐州万达影城（云龙万达广场店）","21.500
21.980","10.800
11.470","232.2000
252.1106","350"
"南通幸福蓝海国际影城（圆融IMAX店）","   ","  ","","436"
"南通万达影城（港闸万达广场店）","  ","  ","","390"
"海门幸福蓝海影城IMAX","","","","429"
"南通万达影城（通州万达广场店） ","19.800 ","11.000 ","217.8000","370"
"南通星轶IMAX影城（如皋吾悦广场旗舰店）","21.500 ","11.300 ","242.9500","318"
"南通CGV影城（万象城店)","21.280 ","11.280 ","240.0384","284"
"南通金逸影城（大有境IMAX店)","23.410 ","12.870 ","301.2867","317"
"盐城CGV影城（中南城店)","  ","  ","  ","357"
"盐城万达影城（万达广场店）","","  ","  ","372"
"盐城幸福蓝海国际影城（悦达889IMAX店）","24.590 ","13.600 ","334.4240","380"
"东台幸福蓝海国际影城（中南IMAX店）","22.230 ","12.130 ","269.6499","345"
"扬州幸福蓝海国际影城（IMAX店）","24.170 ","12.550 ","303.3335","399"
"扬州星轶IMAX影城（邗江吾悦广场旗舰店）","26.090 ","13.880 ","362.1292","362"
"扬州幸福蓝海国际影城（江都佳源IMAX店)","25.100 ","13.030 ","327.0530","485"
"扬州横店电影城（IMAXSM城市广场店）","21.370 ","11.600 ","247.8920","376"
"连云港万达影城（万达广场店）","20.070 ","10.630 ","213.3441","388"
"宿迁幸福蓝海国际影城（中央IMAX店）","24.460 ","12.780 ","312.5988","343"
"沭阳幸福蓝海国际影城（中央IMAX店)","21.980 ","11.490 ","252.5502","295"
"沭阳万达影城（万达广场店)","","","","328"
"淮安万达影城（玖珑汇广场店）","   ","  ","   ","311"
"淮安幸福蓝海影城（IMAX激光店）","20.220 ","10.320 ","208.6704","222"
"淮安万达影城（水渡口万达广场店）（IMAX激光）","18.620
19.910","10.260
10.062","191.0412
200.3344","291
265"
"泰州万达影城（万达广场店）","21.380 ","11.123 ","237.8097","319"
"泰州星轶影城（泰兴吾悦广场IMAX店）","  ","  ","","366"
"泰州金逸影城（姜堰IMAX店) ","","","","264"
"泰州幸福蓝海国际影城（茂业IMAX激光店）","22.850 ","11.860 ","271.0010","358"
"靖江CGV影城（印象城店）","20.060 ","10.160 ","203.8096","275"
"东莞东莞市科學技術博物館","23.000 ","","","300"
"东莞万达影城（华南MALL—IMAXGT激光店）","27.600
32.060
31.160
28.600
27.768","21.000
19.510
19.510
20.730
20.295（地板到天花板高度25.250）","579.6000
625.4906
607.9316
592.8780
563.5515","503"
"东莞万达影城（长安万达广场店）","22.900 
24.850","12.500 
12.470","286.2500 
309.8795","407"
"东莞万达影城（东城万达广场店）","19.300 ","10.900 ","210.3700","322"
"东莞万达影城（厚街万达广场店）","22.300 ","12.700 ","283.2100","341"
"东莞万达影城（虎门万达广场店）","20.700 ","11.600 ","240.1200","354"
"东莞CGV影城（国贸城店）","21.490
21.927","12.280
11.249","263.8972
246.6570","366"
"东莞万润影城（寮步IMAX乐荟城）
原东莞越界思哲影城","20.500 ","11.400 ","233.7000","318"
"东莞寰象影城（旗云广场IMAX店）","21.110
19.476","11.460
10.196","241.9206
198.5772","439"
"广州万达影城（白云万达广场店）","22.810
21.498","11.728
11.576","267.5156
248.8608","388"
"广州博纳UA IMAX花城汇电影城
原广州UA花城汇影城","21.840
21.063","11.495
10.445","251.0740
220.0030","290"
"广州万达影城（增城万达广场店）","20.890
19.593","10.800
10.347","225.6120
202.7287","314"
"广州万达影城（萝岗万达广场店）","22.050 ","11.564 ","254.9862","379"
"广州万达影城（南沙万达广场店）","20.891
21.076","11.266
11.092","235.3580
233.7749","387"
"广州飞扬影城（正佳IMAX店）","20.310 ","10.690 ","217.1139","411"
"广州百丽宫影城（IMAX猎德igc店）","20.168
20.233","10.615
10.590","214.0880
214.2674","394"
"广州金逸影城（太阳城IMAX店）","15.280
14.273","7.800
7.417","119.1840
105.8628","303"
"广州金逸影城（光美沙湾IMAX店）","22.720 ","12.000 ","272.6400","428"
"广州万达影城（万胜围店）","23.770
22.315","12.500
11.912","297.1250
265.8162","427"
"广州卢米埃影城（合生店）","19.575 ","10.503 ","205.5962","248"
"广州金逸影城（光美大石IMAX店）","22.160
21.114","11.700
11.082","259.2720
233.5850","394"
"广州万达影城（亚运城广场店）
商业体装修，暂停营业","22.280
20.915","11.630
11.007","259.1164
230.2114","421"
"广州飞扬影城（北京路IMAX店）","18.755 ","9.870 ","185.1310","376"
"广州万达影城（新塘万达广场店）","21.920
20.590
20.508","11.440
11.340
10.193","250.7648
233.4906
209.0380","365"
"广州金逸影城（白云万象汇IMAX店）
原金逸影城（百信西区IMAX店）","21.860
20.740","11.350
10.944","248.1110
226.9785","417"
"广州金逸·永汉影城（荔胜广百广场IMAX店）","19.700
18.410","10.260
10.037","202.1220
184.7811","240"
"广州万达影城（天河智慧城广百广场店）","22.740
21.007","11.920
11.385","271.0608
239.1646","251"
"广州美亚影城（云门店）","23.550
21.627","12.310
11.727","289.9005
253.6200","349"
"广州万达影城（花都融創茂店）","20.440
18.970","10.560
9.984","215.8464
189.3964","312"
"广州飞扬影城（IMAX激光乐峰店）","15.500
15.827","8.500
7.832","131.7500
123.9570","372"
"广州中影南方影城（IMAX科韵路店）","20.398 ","10.375 ","217.7490","422"
"广州万达影城（南岗万达广场店）","19.840
18.882","10.580
9.975","209.9072
188.3479","391"
"广州金逸影城（光美三溪IMAX店）","19.650 ","9.740 ","191.3910","271"
"广州CGV影城（悦汇城店）","17.480
15.599","8.980
8.186","156.9704
127.6934","150"
"广州金逸影城（海珠城激光IMAX店）","20.540
19.211","10.440
9.955","214.4376
191.2455","327"
"广州寰映影城（天河环贸店）","18.620 ","9.700 ","180.6140","210"
"广州寰映影城（金茂广场店）","17.620 ","9.100 ","160.3420","220"
"广州金逸影城（三溪美林天地IMAX店）","21.860
21.971
21.244","11.920
11.267
11.187","260.5712
247.5472
237.6566","395"
"广州CGV影城（永旺店）","18.920 ","9.800 ","185.4160","234"
"广州金逸影城（从化远达汇聚IMAX店）","21.070
20.578","10.955
10.830 ","230.8218
222.8597","395"
"广州横店电影城（荔湾健康港店）","21.070
19.999","10.955
10.600","230.8218
211.9800","351"
"广州万达影城（番禺万达广场店）","23.660
22.430
21.807","11.900
12.050
11.130","281.5540
270.2851
242.7119","360"
"深圳百川影城IMAX（新沙天虹店)","17.363 ","9.243 ","160.4862","292"
"深圳卢米埃影城（汇港店）","22.780 ","11.860 ","270.1708","331"
"深圳CGV影城（壹方城店）","20.486 ","10.909 ","223.4818","324"
"深圳百老汇电影中心（IMAX万象天地店）","23.465 ","12.305 ","288.7368","398"
"深圳中影晴瑞影城IMAX","20.142 ","11.086 ","223.2942","380"
"深圳万象影城（布吉万象汇IMAX店）","22.740
19.858","11.700
10.604","266.0580
210.5742","325"
"深圳CINESKY新天影院IMAX 壹方天地A区","22.478 ","11.677 ","262.4756","583"
"深圳星河寰宇IMAX影城（星河WORLD店） ","18.310 ","9.650 ","176.6915","293"
"深圳万达影城（盐田壹海城店）","20.120 ","10.420 ","209.6504","269"
"深圳CGV影城（卓悦中心店)","22.850
20.800","11.760
？","268.7160
？","368"
"深圳万象影城（龙岗天安数码城IMAX激光店) ","20.438
20.367","11.084
11.004","226.5347
224.1184","314"
"深圳英皇电影城（平安金融中心店) ","20.800
19.490","11.000
10.650","228.8000
207.5685","277"
"深圳万达影城（宝安勤诚达店）","20.440
18.690","10.620
10.144","217.0728
189.5913","286"
"深圳金逸影城（宝安大仟里IMAX激光店）","22.740
20.972","11.800
11.222","268.3320
235.3477","341"
"深圳CGV影城（红山6979店)","22.240
20.009","11.572
10.491","257.3612
209.9144","308"
"深圳万达影城（龙岗万达广场店）","18.640
18.634","10.100
9.973","188.2640
185.8368","276"
"深圳CINESKY新天影院IMAX  壹方天地C区（壹方城)","23.710
21.787","12.330
11.907","292.3443
259.4178","424"
"深圳CINESKY新天影院（万科广场IMAX店）","18.939 ","10.351 ","196.0376","315"
"深圳万达影城（光明万达广场店）","17.920
16.581","9.270
8.426","166.1184
139.7115","269"
"深圳寰映影城（福田中洲湾店）","18.290
16.990","9.390
9.068","171.7431
154.0653","224"
"深圳寰映影城（深圳湾睿印店）","22.260
22.000","11.620
？","258.6612
？","396"
"深圳寰映影城（坂田万科广场店）","15.621 ","7.707 ","120.3910","269"
"深圳寰映影城（福田中航城君尚店）","19.730
19.320
18.558","10.520
9.950
9.767","207.5596
192.2340
181.2559","288"
"深圳万达影城（海雅广场店）","17.870
17.550","9.089
9.090","162.4204
159.5295","302"
"深圳寰映影城（宝安大悦城店）","18.480 ","9.750 ","180.1800","242"
"深圳金逸影城（卓悦汇IMAX店) 
原深圳橙天嘉禾影城（卓悦汇店) ","24.440 ","12.890 ","315.0316","500"
"深圳寰映影城（怀德万象汇店）","19.100 ","9.940 ","189.9534","232"
"深圳金逸影城（光明大仟里IMAX店）","19.965
19.310","11.213
10.250","223.8675
197.8275","341
334"
"惠州佳兆业国际影城
原惠州凯狮国际影城","21.259 ","11.433 ","243.0541","555"
"惠州万达影城（大亚湾万达广场店）","21.000 ","10.900 ","228.9000","391"
"惠州万达影城（金山湖店) ","21.280 ","11.090 ","235.9952","198"
"惠州万达影城（港惠激光IMAX店）","23.220 ","12.050 ","279.8010","409"
"佛山金逸影城（鹏瑞利IMAX店）","19.406 ","10.498 ","203.7240","332"
"佛山万达影城（南海万达广场店）","22.240
20.988","11.620
11.133","258.4288","409"
"佛山万达影城（三水万达广场店）","21.220 ","11.270 ","239.1494","352"
"佛山万达影城（越秀悦汇广场店）","18.490 ","9.980 ","184.5302","229"
"佛山金逸影城（顺德彩虹IMAX店)","25.960
24.044","13.650
12.519","354.3540
301.0070","428"
"佛山万达影城（北滘悦然广场店)","21.430
20.501","11.630
10.435","249.2309
213.9280","259"
"佛山CGV影城（顺德海骏达店)","21.820
21.125","11.480
11.061","250.4936
233.6640","316"
"中山金逸影城（远洋城IMAX店）","23.846 ","12.478 ","297.5503","480"
"中山金逸影城（樱花里IMAX店)","25.180
23.295","13.360
12.418","336.4048
289.2773","385"
"江门万达影城（新会IMAX店) ","19.900 ","11.150 ","221.8850","350"
"湛江中影星美影城IMAX","21.143 ","11.273 ","238.3450","472
390"
"湛江万达影城（万达广场店)","24.313 ","12.212 ","296.9103","332"
"湛江金逸影城（光美鹰展IMAX店）","17.028 ","9.193 ","156.5384","317"
"珠海幸福蓝海国际影城（扬名IMAX店）","19.650
16.983","9.740
9.056","191.3910
153.7980","255"
"珠海幸福蓝海国际影城（金湾IMAX激光店）","22.080
20.703","11.550
10.896","255.0240
225.5798 ","258"
"珠海CGV影城（环宇城店）","19.280
18.868","9.950
9.095","191.8360
171.6044","358"
"汕头CGV影城（群光广场店)","21.210 ","11.170 ","236.9157","243"
"汕头万达影院（金平万达广场店)","21.180 ","10.990 ","232.7682","396"
"梅州万达影城（万达广场店）","20.400 ","   ","  ","325"
"清远万达影城（清城万达广场店）","19.120 ","10.522 ","201.1810","419"
"清远DY影城（顺盈时代广场IMAX店）","22.900
21.987","11.950
11.486","273.6550
252.5430","412
444"
"茂名万达影城（电白万达广场店)","21.070
20.328","11.150
10.698","234.9305
217.4689","361"
"茂名东汇国际影城","21.874 ","11.319 ","247.5918","343"
"高州潘州影城IMAX","","","","336"
"肇庆星轶IMAX影城（敏捷广场旗舰店)","22.240 ","11.570 ","257.3168","361"
"肇庆万达影城（鼎湖万达广场店)","19.050 ","10.280 ","195.8340","251"
"韶关DP影城","23.710 ","12.320 ","292.1072","410"
"揭阳万达影城（榕城万达广场店）","19.840 ","10.630 ","210.8992","282"
"重庆万达影城（大渡口店）","18.316 ","9.461 ","173.2876","243"
"重庆万达影城（巴南区万达广场店）","23.570 ","12.500 ","294.6250","374"
"重庆万达影城（大融城店）","15.460
14.767","7.810
7.275","120.7426
107.4299","217"
"重庆万达影城（永川万达广场店）","21.190 ","11.260 ","238.5994","396"
"重庆万达影城（大坪店）","18.176 ","9.756 ","177.3251","288"
"重庆CGV影城（源著店）","22.290 ","11.850 ","264.1365","275"
"重庆万达影城（北碚万达广场店）","20.760 ","10.800 ","224.2080","355"
"重庆CGV影城（U城店）","24.570
22.681","13.000
12.120","319.4100
274.8937","334"
"重庆万达影城（綦江万达广场店）","   ","   ","    ","396"
"重庆万达影城（金科大竹林店）","19.543 ","10.722 ","209.5400","297"
"重庆万达影城（华茂国际中心店）","22.750 ","11.830 ","269.1325","340"
"重庆金逸影城（兰亭IMAX店）","22.180 ","11.700 ","259.5060","342"
"重庆万达影城（涪陵万达广场店) ","","","","315"
"重庆CGV影城（来福士店)","20.330
19.184
18.992","10.730
9.314
9.995","218.1409
178.6797
189.8250","283"
"重庆中视国际影城IMAX（红旗河沟店）","  ","   ","   ","326"
"重庆保利万和影城（石桥广场店）
原重庆越界影城（石桥铺店) ","23.850 ","12.440 ","296.6940","528"
"重庆金逸影城（大悦城IMAX店) ","23.130 ","11.780 ","272.4714","408"
"重庆亚格影城IMAX（汽博店)","21.770 ","11.470 ","249.7019","410"
"重庆八一影城（解放碑店）","23.760 ","12.880 ","306.0288","356"
"重庆万达影城（南坪万达广场店）","21.300
21.120
19.010","9.050
8.990
9.720","192.7650
189.8688
184.7772","304"
"重庆UME影城（九龙坡店）","","","",""
"北京中國科技館（设备还在，是否放映需要实地咨询）","30.000 ","","","442"
"北京万达影城（天通苑龙德广场店）","16.186 ","8.145 ","131.8349","267"
"北京中国民航博物馆（建成后并未开业）","21.330 ","16.060 ","342.5598","300"
"北京万达影城（通州万达广场店）","22.360 
20.900
20.939","11.700
11.700
11.024","261.6120 
244.5300
230.8315","424"
"北京博纳国际影城（悠唐IMAX店）","15.860 ","8.220 ","130.3692","232"
"北京SFC上影影城（大兴龙湖店）","21.750 ","12.210 ","265.5675","392"
"北京恒业国际影城（六里桥店）","16.370 ","8.600 ","140.7820","262"
"北京万达影城（槐房万达广场店）","20.430 ","10.830 ","221.2569","395"
"北京金泉港国际影城 ","23.660 ","12.550 ","296.9330","428"
"北京博纳国际影城（密云IMAX店）","19.164 ","10.523 ","201.6628","294"
"北京万达影城（丰台西铁营万达广场店）","21.390 ","11.250 ","240.6375","323"
"北京万达影城（怀柔万达广场店）","21.470 ","11.200 ","240.4640","339"
"北京万达影城（房山店）","22.850 ","11.760 ","268.7160","326"
"北京博纳影城（门头沟IMAX店) ","19.219 ","12.405 ","238.4117","283"
"北京CGV影城（清河店）	","16.480 ","8.310 ","136.9488","221"
"北京中国电影博物馆","27.000
30.170
27.200
26.829","21.000
19.507
20.500
21.057（地板到天花板高度）","567.0000
588.5261
557.6000
564.9382","403
340"
"北京博纳国际影城（大郊亭店)","20.920 ","10.900 ","228.0280","321"
"北京万达影城（石景山万达广场店）","21.300 
23.220","12.600 
12.680","268.0000 
294.4296","433
394"
"北京速铂影城（路劲IMAX店)","21.600 ","11.250 ","243.0000","274"
"北京沃美影城（熙悦天街IMAX店）","21.060 ","11.350 ","239.0310","380"
"北京环球城市大道电影院","25.800
25.960","14.760
13.945","380.8080
362.0122","473"
"北京金逸影城（荟聚IMAX店）","23.900
24.300
22.059","12.220
12.220
11.570","292.0580
296.9460
255.2226","435"
"北京博纳国际影城（亦庄IMAX店）","24.540 ","13.250 ","325.1550","368"
"北京万达影城（东坝万达广场店）","23.220 ","12.050 ","279.8010","319"
"北京博纳国际影城（朝阳北苑店）","20.120
17.300","10.550
9.800","212.2660
169.5400","266"
"北京寰映影城（昌平合生汇店）","15.000
15.112","8.150
7.666","122.2500
115.8485","255"
"北京儒意影城（CBD万达广场店）原万达影城","18.450
17.800
16.860","9.520
8.550
8.390","175.6440
152.1900
141.4554","359
328"
"北京金逸影城（朝阳大悦城店）","18.450 ","9.520 ","175.6440","298"
"北京英皇电影城（英皇中心店）","22.190 ","11.760 ","260.9544","324"
"北京英皇电影城（三里屯太古里店）","14.938 ","7.560 ","112.9313","304"
"北京完美世界影城（中关村IMAX+CINITY店）","23.910
24.760
24.750
23.418","13.840
13.180
13.180
13.277","330.9144
326.3368
326.2050
310.9207","411
396"
"北京卢米埃影城（长楹天街IMAX激光店）","23.650
25.190
23.943","13.040
13.810
12.926","308.3960
347.8739
309.4872","410"
"北京UME影城（融科IMAX店)","","","",""
"北京英皇电影城（太古坊店）","","","",""
"沈阳万达影城（奥体万达广场店）","22.190 ","11.610 ","257.6259","405"
"沈阳万达影城（沈北万达广场店) ","19.070
17.800","9.845
9.673","187.7442
172.1794","286"
"沈阳万达影城（铁西万达广场店）","22.240
22.240","11.572
11.570","257.36128
257.31680","401"
"沈阳万达影城（辽宁省科技馆—万达影城IMAXGT双激光）
原沈阳辽宁科技馆","29.000
29.000
28.261","22.000
21.855
20.792（地板到天花板高度22.347）","638.0000
633.7950
587.6027","596"
"沈阳万达影城（北一路万达广场店）","23.220
21.561","11.700
11.452","271.6740
246.9165","443"
"大连CGV影城（东港店）","21.760 ","12.730 ","277.0048","406"
"大连万达影城（普兰店万达广场店）","15.250 ","8.940 ","136.3350","290"
"大连万达影城（庄河万达广场店)","15.500 ","8.860 ","137.3300","274"
"大连博纳国际影城（中央大道IMAX店）","24.830 ","14.070 ","349.3581","467"
"大连万达影城（甘井子万达广场店）","21.140 ","11.000 ","232.5400","338"
"大连万达影城（金州瑞栢中心店）","19.630 ","10.980 ","215.5374","315"
"大连万达影城（经开万达广场店)","21.620
22.010","11.510
11.510","248.8462
253.3351","362
344"
"大连万达影城（华府店）","19.940
20.860","11.110
10.761","221.5334
224.4744","347
347
321"
"大连万达影城（高新万达广场店）","22.080
22.390","12.130
11.870","267.8304
265.7693","400"
"盘锦CGV影城（兴隆台店）","  ","  ","  ","300"
"盘锦万达影城(万达广场店)","24.975 ","13.503 ","337.2374","361"
"抚顺万达影城（万达广场店）","21.800
23.210","11.760
11.800","256.3680
273.8780","394"
"丹东万达影城（万达广场店）","20.690 ","11.750 ","243.1075","367"
"营口万达影城（万达广场店）","  ","  ","","381"
"营口万达影城（鲅鱼圈万达广场店）","  ","  ","","388"
"朝阳万达影城（万达广场店）","20.140 ","10.670 ","214.8938","423"
"辽阳万达影城（万达广场店）","20.750 ","10.800 ","224.1000","385"
"锦州万达影城（万达广场店）","  ","  ","","397"
"本溪万达影城（万达广场店）","22.030 ","11.520 ","253.7856","352"
"鞍山万达影城（万达广场店)","23.710 ","12.700 ","301.1170","330"
"阜新万达影城（万达广场店)","","","","401"
"昆明万达影城（同德广场店）","20.750 ","11.930 ","247.5475","242"
"昆明CGV影城（呈贡店）","24.313 ","13.044 ","317.1387","368"
"昆明SFC上影影城（西城IMAX店)","22.738 ","12.186 ","277.0852","338"
"昆明万达影城（西山万达广场店）","21.300
22.130","11.910
11.660","253.6830
258.0358","352"
"昆明万达影城（新迎新城店）","20.540 ","10.790 ","221.6266","226"
"昆明万达影城（南亚风情店）","17.330 ","8.950 ","155.1035","291"
"昆明维斯影城（海乐城IMAX店）
（原昆明CGV影城（海伦店)）","19.950 ","10.650 ","212.4675","292"
"昆明百老汇影城（IMAX顺城店）","21.220 ","11.050 ","234.4810","291"
"西双版纳万达影城（万达广场店）","16.933 ","9.655 ","163.4881","238"
"大理博纳国际影城（时代天街IMAX店）","20.130 ","10.450 ","210.3585","321"
"曲靖万达影城（经开万达广场店）","20.860 ","10.810 ","225.4966","408"
"武汉万达影城（菱角湖万达广场IMAX店）","19.500 ","10.770 ","210.0150","316"
"武汉CGV影城（奥山店）","22.910
22.897","13.040
12.366","298.7460
284.2572","418"
"武汉金逸影城（光美荟聚IMAX店）","19.520 ","10.390 ","202.8128","278"
"武汉CGV影城（凯德店）","20.700
20.766","11.685
11.421","241.8795
237.1684","269"
"武汉金逸影城（蔡甸IMAX店）","20.060 ","10.400 ","208.6240","275"
"武汉CGV影城（金桥店）","24.030
22.440","12.400
11.656","297.9720
261.5606","367"
"武汉武商摩尔国际电影城","21.340
20.163
20.034","11.100
10.590
10.422","236.8740 
213.5261
208.7943","294"
"武汉万达影城（金银湖万达广场IMAX店）","19.420 ","10.330 ","200.6086","359"
"武汉金逸影城（人信汇店）
原武汉百老汇影城（汉阳人信汇店）","21.310 ","12.100 ","257.8510","358"
"武汉百美汇影城（激光IMAX恒隆广场店）","21.600 ","11.340 ","244.9440","276"
"武汉万达影城（阳逻万达广场IMAX店) ","21.270 ","11.460 ","243.7542","344"
"武汉金逸影城（大悦城IMAX店) ","19.730 ","10.700 ","211.1110","255"
"武汉CGV影城（洪山店) ","22.770 ","11.770 ","268.0029","362"
"武汉CGV影城（金银潭店）","17.810
16.715","9.030
8.511","160.8240
142.2613","346"
"武汉武商梦时代摩尔影城","20.160
19.988","10.630
9.908","214.3008
198.0411","370"
"武汉万达影城（汉街万达广场IMAX激光店） ","23.220
21.068","12.050
11.519","279.8010
242.6822","265"
"武汉万达影城（经开万达广场IMAX激光店）","18.200
20.120
18.031","10.050
10.550
9.748","182.9100
212.2660
175.7661","259"
"武汉博纳院线影城（光谷星悦广场IMAX店）","24.570
23.639","13.150
12.492","323.0955
295.2983","459"
"武汉金逸影城（销品茂IMAX店）","16.590
17.420","9.100
9.250","150.9690
161.1350","304"
"襄阳万达影城（万达广场IMAX激光店）","20.180
18.877","10.399
10.009","209.8518
188.9398","333"
"宜昌万达影城（伍家岗万达广场IMAX店)","20.693 ","11.164 ","231.0166","318"
"宜昌CGV影城（国贸大厦店）","20.860
19.857","10.990
10.446","229.2514
207.4262","264"
"宜昌万达影城（夷陵万达广场IMAX店)","18.740
17.110","9.720
9.202","182.1528
157.4462","307"
"荆州万达影城（万达广场IMAX店)","20.557 ","10.989 ","225.9008","411"
"黄石万达影城（黄石港万达广场IMAX店)","   ","  ","","387"
"荆门万达影城（万达广场IMAX店)","   ","  ","","397"
"十堰万达影城（万达广场IMAX店)","22.610 ","11.940 ","269.9634","352"
"孝感金逸影城（汉川IMAX店）","19.990 ","10.640 ","212.6936","239"
"黄冈万达影城（万达广场IMAX店)","  ","  ","  ","372"
"武穴银兴国际影城（IMAX激光店）","21.140 ","11.050 ","233.5970",""
"仙桃金逸影城（环球中心IMAX店) ","21.920 ","11.550 ","253.1760","312"
"长沙万达影城（开福万达广场IMAX店）","23.160 ","13.460 ","311.7336","438"
"长沙CGV影城（德思勤店）","19.818 ","10.661 ","211.2796","268"
"长沙万达影城（梅溪湖步步高IMAX店）","21.755 ","11.938 ","259.7111","426"
"长沙CGV影城（梅溪湖店）","21.855 ","11.672 ","255.0915","402"
"长沙横店电影城（IMAX悠游小镇店）","18.728 ","10.379 ","194.3779","249"
"长沙万达影城（解放路IMAX激光店)","22.420
23.210
21.363","11.510
12.300
11.243","258.0542 
285.4830
240.1842","382"
"长沙万达影城（中茂城IMAX店）","21.820 ","11.400 ","248.7480","324"
"长沙博纳国际影城（龙湖IMAX店） ","18.600
17.573","10.010
9.495","186.1860
166.8556","235"
"长沙VHC维港影城","26.500
24.358","14.090
13.091","373.3850
318.8705","452"
"长沙寰映影城（荟聚IMAX激光店)","26.510
23.847","14.160
13.328","375.3816
317.8328","311"
"长沙横店纷腾影城（IMAX观沙岭花园城店) ","17.430
16.535","9.250
8.700","161.2275
143.8545","278"
"长沙星光嘉映影城（月亮岛天街店）","18.770
18.013","9.650
9.580","181.1305
172.5645","293"
"长沙万象影城（万象城IMAX激光店）","18.450
16.804","9.520
8.820","172.6440
148.2112","280"
"长沙寰映影城（龙湖新姚天街店)","","","",""
"宁乡金逸影城（翡翠湖IMAX店) ","19.226 ","10.185 ","195.8168","333"
"郴州万达影城（生源广场IMAX店）","22.750 ","11.700 ","266.1750","384"
"湘潭万达影城（万达广场IMAX店）","22.540
21.068","11.840
11.475","266.8736
241.7553","327"
"湘潭横店电影城 （IMAX步步高店）","19.802 ","10.664 ","211.1685","280"
"湘潭金逸影城（步步高IMAX店）","19.760
19.151","？
10.369"," ?
198.5767","251"
"常德万达影城（万达广场IMAX店）","  ","   ","  ","357"
"益阳万达影城（万达广场IMAX店） ","  ","  ","  ","429"
"衡阳万达影城（万达广场IMAX店）","20.220 ","10.430 ","210.8946","368"
"衡阳金逸影城（中心城店）","  ","  ","  ","486"
"岳阳CGV影城（步步高店）","  ","  ","  ","280"
"邵阳万达影城（大汉悦IMAX店） ","","","","231"
"株洲横店电影城（IMAX世贸店）","16.563 ","8.863 ","146.7978","239"
"长春万达影城（欧亚大卖场店）","21.470 ","13.031 ","279.7756","556"
"长春万达影城（重庆路万达广场店）","22.710 ","12.280 ","278.8788","374"
"长春万达影城（宽城万达广场店）","20.536 ","10.682 ","219.3656","413"
"长春万达影城（繁荣路力旺中心店）","  ","  ","  ","325"
"长春星轶IMAX影城（绿园吾悦广场旗舰店)","25.980 ","13.850 ","359.8230","530"
"长春万达影城（车城万达广场店）","20.536 ","10.682 ","219.3656","370"
"长春万达影城（栖乐荟广场店）","24.030 ","12.400 ","297.9720","370"
"长春寰映影城 （摩天活力城店)","23.100
21.100","11.750
11.405","271.4250
240.6455","415"
"长春万达影城 （钜城华億广场店)","","","","329"
"长春万达影城（红旗街万达广场店）","20.848 ","11.763 ","245.2350","383
377
345"
"吉林万达影城（欧亚广场店）","  ","  ","","335"
"吉林万达影城（昌邑万达广场店）","21.720 ","11.340 ","246.3048","350"
"四平万达影城（万达广场店）","  ","  ","","374"
"四平万达影城（颐高产业园店）","  ","  ","","307"
"延吉万达影城（万达广场店）","21.478 ","11.388 ","244.5915","377"
"天津CGV星星影城（滨海店）","16.450 ","8.680 ","142.7860","332"
"天津金逸影城（大港IMAX店）","19.700 ","10.500 ","206.8500","370"
"天津SFC上影影城（天河城店)","18.890 ","10.480 ","197.9672","286"
"天津万达影城（西青社会山广场店）","18.980 ","9.800 ","186.0040","229"
"天津万象影城（万象城IMAX激光店)","24.520 ","12.820 ","314.3464","365"
"天津金逸影城（大悦城IMAX店）","21.950
23.880","12.100
12.100","265.5950
288.9480","511
504"
"天津万达影城（河东万达广场店 ）","23.770
22.420","12.340
11.850","293.3218
265.6770","398"
"天津万达影城（SM城市广场IMAX店）","25.380
24.835","13.450
13.450","341.3610
334.0307","526"
"天津中影华臣影城（滨海IMAX店）
原天津中影大吉利影城IMAX（于家堡店）
原天津CGV影城（于家堡店） ","23.890 ","13.830 ","330.3987","345"
"石家庄万象影城（万象城IMAX激光店）","25.070 ","13.190 ","330.6733","358"
"石家庄万达影城（裕华万达广场店）","23.210
23.220","11.950
12.050","277.3595
279.8010","385"
"石家庄UME影城（勒泰IMAX店)","","","",""
"廊坊万达影城（万达广场店) ","","","","383"
"唐山万达影城（路南万达广场店）","23.210
22.420","11.968
11.850","277.7772
265.6770","357
336"
"邯郸CGV影城（环球中心店) ","","","","239"
"邯郸万达影城（万达广场店) ","","","","392"
"邢台万达影城（万达广场店）","  ","  ","","306"
"秦皇岛博纳国际影城（茂业店) ","","","","251"
"秦皇岛万达影城（万达广场店) ","20.330 ","10.520 ","213.8716","358"
"张家口横店电影城（IMAX新五一广场店) ","","","","265"
"承德美承影院（中良凤凰城激光IMAX店）","19.520 ","9.900 ","193.2480","328"
"保定万达影城（万博广场店）","15.850 ","8.350 ","132.3475","212"
"济南万达影城（魏家庄万达广场店）","20.240 ","11.020 ","223.0448","362"
"济南幸福蓝海国际影城（全运村中央广场IMAX店）","24.570 ","12.900 ","316.9530","371"
"济南CGV影城（印象城店)","20.540 ","10.480 ","215.2592","225"
"济南万象影城（万象城IMAX激光店）","22.850 ","11.730 ","268.0305","396"
"济南万达影城（高新万达广场店）","23.020 ","11.850 ","272.7870","360"
"济南山东省科技馆（新馆）","29.000
28.650","21.000
19.048","609.0000
545.7252","575"
"济南UME影城（龙湖西城天街激光IMAX店）","21.960
19.900","11.550
10.750","253.6380
213.9250","322"
"青岛万达影城（CBD万达广场店)","21.930
21.200","10.100
10.997","221.4930
233.1364","374"
"青岛SFC上影影城（金狮广场店)","  ","   ","  ","291"
"青岛CGV影城（新都心店）","   ","  ","","229"
"青岛星轶IMAX影城（黄岛吾悦广场旗舰店）","22.920
22.140","11.900
12.050","272.7480
266.7870","321"
"青岛万达影城（东方影都店）","  ","  ","  ","374"
"青岛万达影城（青特万达广场店) ","24.110 ","12.570 ","303.0627","339"
"青岛万达影城（李沧万达广场店）","22.750 ","11.691 ","265.9702","348"
"青岛CGV影城（万象城店）","22.210 ","12.030 ","267.1863","442"
"潍坊万达影城（万达广场店）","22.510 ","11.790 ","265.3929","394"
"潍坊万达影城（寿光万达广场店）","20.340 ","10.490 ","213.3666","342"
"潍坊和平影院","","","","366"
"济宁万达影城（太白路万达广场店）","  ","  ","  ","350"
"烟台幸福蓝海国际影城（IMAX店）","21.210
21.210","11.270
11.420","239.0367
242.2182","426"
"烟台万达影城（芝罘万达广场店）","  ","  ","  ","409"
"东营万达影城（万达广场店）","   ","  ","","389"
"东营万达影城（东城万达广场店）","  ","  ","  ","332"
"泰安万达影城（万达广场店）","   ","  ","","414"
"泰安万达影城（盘古天地店）","22.490 ","12.150 ","273.2535","457
368"
"德州万达影城（万达广场店）","   ","  ","","367"
"滨州万达影城（万达广场店）","  ","  ","","431"
"枣庄万达影城（万达广场店）","18.960 ","10.540 ","199.8384","390"
"菏泽万达影城（万达广场店）","20.900 ","10.850 ","226.7650","368"
"临沂CGV影城（泰盛店）","20.900
20.580","11.110
11.260","232.199
231.7308","245"
"临沂万达影城（滨河万达广场店)","16.290 ","8.740 ","142.3746","219"
"日照万达影城（万达广场店) ","","","","372"
"淄博齐纳国际影城（银座店）","22.040 ","11.550 ","254.5620","317"
"淄博万达影城（富力万达广场店) ","19.360 ","10.150 ","196.5040","342"
"威海万达影城（环翠万达广场店) ","19.300 ","10.310 ","198.9830","304"
"威海幸福蓝海国际影城（华发新天地IMAX店）","24.430 ","13.500 ","329.8050","380"
"合肥万达影城（包河万达广场店)","22.810
21.379","11.968
11.602","272.9908
248.0391","374"
"合肥英皇电影城（万象城店）","21.850
20.788","11.570
11.451","252.8045
238.0433","408"
"合肥万达影城（瑶海万达广场店）","23.660
22.105","12.600
11.768","298.1160
260.1316","319"
"合肥万达影城（文化旅游城店）","22.360
20.980","11.710
11.319","261.8356
237.4726","355"
"合肥万达影城（宝利丰广场店）","23.390
21.575","12.160
11.517","284.4224
248.4792","343"
"合肥万达影城（万科广场店)","20.141 ","10.072 ","189.8672","317"
"合肥博纳国际影城（龙湖天街店)","17.876 ","9.834 ","175.7925","247"
"合肥万达影城（北城万达广场店)","18.851 ","10.072 ","189.8672","355"
"合肥博纳国际影城（弘阳店)","20.990
20.066","11.190
10.812","234.8781
216.9535","377"
"合肥星光嘉映影城（激光IMAX龙湖高新天地店）","19.800
17.315","10.100
10.100","198.9800
174.8815","243"
"合肥万达影城（天鹅湖万达广场店）","22.430
21.402","11.950
11.120","268.0385
237.9902","378"
"合肥万达影城（巢湖万达广场店）","22.170 ","11.640 ","258.0588","369"
"芜湖幸福蓝海国际影城 ","25.580 ","13.780 ","352.4924","411"
"芜湖万达影城（镜湖万达广场店）","23.200 ","11.700 ","271.4400","355"
"蚌埠万达影城（蚌山万达广场店）","21.850
22.240
20.703","11.760
11.610
11.140","256.9560
258.2064
230.6314","402"
"马鞍山万达影城（万达广场店）","","","","409"
"铜陵万达影城（万达广场店）","   ","  ","","387"
"阜阳万达影城（颍州万达广场店）","20.389 ","11.136 ","227.0519","427"
"阜阳东方巨幕影城 ","20.684 ","11.056 ","228.6823","409"
"阜阳万达影城（颍泉万达广场店）","19.190 ","10.579 ","203.0110","411"
"亳州万达影城（万达广场店）","  ","  ","  ","399"
"宿州万达影城（万达广场店）","  ","  ","  ","401"
"安庆星轶IMAX影城（安庆吾悦广场旗舰店）","20.960 ","11.170 ","234.1232","342"
"淮北万达影城（万达广场店）","20.960 ","10.850 ","227.4160","370"
"六安万达影城（万达广场店）","20.260 ","10.730 ","217.3898","412"
"黄山金逸影城（光美黎阳IMAX店）","20.980 ","11.000 ","230.7800","333"
"宣城万达影城（万达广场店）","  ","  ","  ","332"
"淮南星轶IMAX影城（淮南吾悦广场旗舰店）","25.490
23.467","13.480
12.380","343.6052
290.5214","389"
"淮南万达影城（万达广场店)","19.784 ","10.641 ","210.5215","365"
"滁州万达影城（万达广场店)","21.500 ","11.220 ","241.2300","325"
"杭州万达影城（水晶城店）","19.843 ","10.414 ","206.6450","311"
"杭州万达影城（拱墅万达广场店）","20.681 ","11.401 ","235.7840","348"
"杭州SFC上影影城（下沙IMAX店）","21.958 ","12.037 ","264.3084","376"
"杭州悦江新远影城IMAX","22.010 
21.463","12.600
11.683","277.3300
250.7522","511"
"杭州CGV影城（乐堤港店）","24.156
23.882","12.714
12.934","307.1194
308.8897","393"
"杭州CGV影城（滨江天街店）","23.196 ","12.473 ","289.3237","400"
"杭州浙影时代•西溪欢乐城IMAX店
原东影时代IMAX影城（西溪店）","20.570
20.047","11.435
10.592","235.2179
212.3378","396"
"杭州博纳国际影城（临平IMAX店）","19.623 ","10.535 ","206.7283","288"
"杭州SFC上影影城（余之城IMAX店）","18.803 ","10.204 ","191.8658","256"
"杭州博纳国际影城（西溪店）","21.935 ","11.685 ","256.3104","363"
"杭州万达影城（崇贤上亿店）","20.096 ","10.889 ","218.8253","317"
"杭州金逸影城（华夏之心美瑭IMAX店）","19.441 ","10.267 ","199.6007","286"
"杭州博纳国际影城（丁桥龙湖IMAX店）","17.320
16.457","9.190
8.716","159.1708
143.4392","267"
"杭州浙影时代影城•西湖文化广场店
（原新远国际影城）","19.500
19.457","10.700
10.713","208.6500
208.4428","350"
"杭州幸福蓝海国际影城（花园城IMAX店）","19.730
18.837","10.790
10.153","212.8867
191.2520","245"
"杭州星光嘉映影城IMAX（新天地店）
（原新天地寰耀影城IMAX）
（原新天地新远影城IMAX） ","26.110
25.110
24.473","14.090
13.835
13.298","367.8899
347.3968
325.4419","439"
"杭州万象影城 （万象城IMAX激光店）
原百老汇影城（万象城店）","21.611 ","11.343 ","245.1335","460"
"杭州横店电影城（萧山银泰店）","23.882 ","12.918 ","300.1755","318"
"杭州横店电影城（IMAX之江西投银泰店）","20.120
18.565","10.550
9.930","212.2660
184.3504","281"
"杭州寰映影城（龙湖店）","","","",""
"宁波万达影城（江北万达广场店）","23.210
21.174","12.053
11.575","279.7501
245.0890","376"
"宁波CGV影城（鄞州店）","21.390 ","11.092 ","237.2579","358"
"宁波博纳国际影城（北仑IMAX店）","  ","  ","","324"
"宁波星轶IMAX影城（镇海吾悦广场旗舰店）","23.916 ","12.647 ","302.4656","388"
"宁波万达影城（奉化万达广场店）","20.660 ","10.730 ","221.6818","388"
"宁波万象影城 （万象城IMAX激光店) ","25.880
23.843","13.920
13.031","360.2496
310.6981","448"
"宁波幸福蓝海国际影城（环宇城IMAX店）  ","23.030
22.058 ","12.660
11.768","291.5598
259.5785","381"
"宁波影都（亚细亚IMAX店）","23.890
22.717","12.840
11.905 ","306.7476
270.4458","352"
"宁波万达影城（鄞州万达广场店）","22.960 ","11.500 ","264.0400","305"
"余姚CGV影城（城东店）","  ","  ","","375"
"余姚万达影城（万达广场店）","20.840
20.970","11.060
10.850","230.4904
227.5245","302"
"慈溪中影星美国际影城（保利店）","  ","  ","","454"
"丽水万地国际影城","   ","  ","  ","400"
"绍兴卢米埃影城（银泰城店）","  ","  ","  ","393"
"绍兴万达影城（上虞万达广场店）","   ","  ","   ","361"
"绍兴星轶IMAX影城（嵊州吾悦广场旗靓店）","25.410 ","14.080 ","357.7728","372"
"绍兴万达影城（柯桥万达广场店）","19.910 ","10.231 ","203.6992","316"
"诸暨万达影城（万达广场店）","22.140 ","11.600 ","256.8240","352"
"嵊州金逸IMAX影城（和悦时代广场店）","  ","  ","  ","287"
"金华万达影城（万达广场店）","21.860 ","11.640 ","254.4504","417
387"
"金华横店电影城（世贸广场IMAX店）","14.930 ","7.300 ","108.9890","262"
"义乌万达影城（万达广场店）","26.560
24.728","14.410
13.363","382.7296
330.4402","377"
"义乌上影国际影城（新光汇店）
原义乌上影X—CINEMA影城","21.634 ","11.874 ","256.8821","399"
"义乌保利美博影城（义乌之心IMAX店）
原义乌保利国际影城（义乌之心店）","26.880
23.989","？
13.113","？
314.5677","322"
"嘉兴万达影城（万达广场店）","20.410 ","11.144 ","227.4490","373"
"桐乡星轶IMAX影城（桐乡吾悦广场旗舰店）","25.420
24.165","14.090
12.901","358.1678
311.7526","394"
"海宁披云传奇电影中心IMAX(爱琴海店)
原传奇电影中心","19.475 ","10.668 ","207.7593","285"
"温州万达影城（龙湾万达广场店)","22.300 ","11.702 ","260.9546","392"
"温州万达影城（平阳万达广场店）","  ","  ","  ","430"
"温州卢米埃影城（万象城店）","  ","  ","  ","361"
"温州博纳国际影城（5050广场IMAX店） ","21.250 ","11.080 ","235.4500","304"
"温州博悦汇影城（印象城IMAX店)","17.820 ","8.950 ","159.4890","249"
"乐清虹桥神画 IMAX 影城","","","","383"
"台州万达影城（台州万达广场店）","  ","  ","  ","357"
"台州万达影城（中盛广场店）","21.550 ","  ","  ","374"
"台州金逸影城（路桥店)","","","","408"
"湖州万达影城（万达广场店）","21.590
20.287","11.260
10.759","243.1034
218.2678","361"
"衢州星轶IMAX影城（衢州吾悦广场旗舰店）","24.460 ","12.800 ","313.0880","373"
"衢州万达影城（经开万达广场店）","21.320 ","11.100 ","236.6520","369"
"舟山保利国际影城（绿城长峙IMAX店) ","21.820 ","11.380 ","248.3116","274"
"西安CGV影城（印象城店）","20.060
20.155","10.840
9.770","217.4504
196.9143","288"
"西安开顿IMAX影城（光美老城根店）","26.110
24.343","14.090
13.278","367.8899
323.2263","474"
"西安万达影城（龙城铭园店）","22.960
21.109","11.930
11.653","273.9128
245.9831","302"
"西安博纳国际影城 （大悦城IMAX店）","20.446 ","10.801 ","220.8985","421"
"西安卢米埃影城（曲江创意谷IMAX店）","18.519 ","10.241 ","189.6530","268"
"西安CGV影城（西咸万象城店）","19.520
16.452","10.000
10.000","195.2000
164.5200","288"
"西安幸福蓝海国际影城（乐荟中心IMAX店）","18.350
17.761","9.720
9.568","178.3620
169.9372","246"
"西安沃美影城浐灞印象城店(IMAX)","24.080
23.069","12.700
12.573","305.9160
290.0465","448"
"西安寰映影城（荟聚店）","23.730
22.423","12.650
12.010","300.1845
269.3002","359"
"西安万达影城（民乐园万达广场店）","21.180
20.790
21.340
19.800","10.927
11.080
10.092
10.702","231.4338
230.3532
215.3632
211.8996","367
336"
"西安中影紫荆国际影城IMAX（长乐天街店）","19.490
17.496","9.800
10.083","191.0020
176.4121","248"
"西安万达影城（碑林万达广场店）","16.480
15.488 ","8.830
8.697","145.5184
134.6991","294"
"西安万达影城（大明宫万达广场店）","22.030
20.912","11.260
10.625","248.0578
222.1900","368"
"西安UME影城（MOMOPARK激光IMAX店)","21.650
20.293","10.960
10.746","237.2840
212.5894","320"
"渭南万达影城（万达广场店）","  ","  ","  ","394"
"榆林万达影城（万达广场店）","  ","  ","  ","349"
"银川万达影城（西夏万达广场店）","","  ","  ","414"
"银川万达影城（金凤万达广场店）","20.700 ","10.695 ","221.3865","306"
"吴忠万达影城（万达广场店）","  ","  ","  ","373"
"石嘴山万达影城（万达广场店）","  ","  ","  ","340"
"呼和浩特万达影城（回民区万达广场店）","24.520 ","12.910 ","316.5532","302"
"呼和浩特万达影城（万达广场店）","21.240 ","10.871 ","230.9000","398
383"
"呼和浩特万达影城（喜悦广场店) ","21.070 ","11.060 ","233.0342","236"
"呼和浩特万达影城（凯德诺和木勒店) ","21.120 ","11.450 ","241.8240","384"
"包头万达影城（青山万达广场店）","23.070 ","11.455 ","264.2669","314"
"包头万达影城（九原万达广场店)","","","","370"
"包头万达影城（维多利摩尔城店)","","","","323"
"赤峰万达影城（万达广场店）","  ","   ","","414"
"乌海万达影城（万达广场店）","  ","   ","","375"
"通辽万达影城（万达广场店）","  ","  ","  ","386"
"酒泉万达影城（万达广场店）","","","","369"
"兰州万达影城（城关万达广场店）","21.600
20.523","11.390
10.872","246.0240
223.1260","410"
"兰州空间站影城（兰州中心店）","21.980
20.708","11.350
10.748","249.4730
222.4039","441"
"兰州万达影城（安宁中海环宇城店）","19.517 ","10.459 ","204.1283","332"
"兰州万达影城（万达茂店）","21.650 ","11.770 ","254.8205","384"
"武威万达影城（万达广场店）","  ","  ","  ","386"
"天水万达影城（秦州万达广场店）","19.390 ","10.460 ","202.8194","288"
"太原博纳国际影城 （茂业IMAX店）","21.780 ","11.750 ","255.9150","343"
"太原万象影城（万象城IMAX激光店）","22.850 ","11.860 ","271.0010","358"
"太原万达影城（龙湖万达广场店）","26.110 
26.510","14.060 
14.060","367.1066 
372.7306","430
384"
"太原CGV影城（印象城店) ","20.960 ","10.920 ","228.8832","230"
"太原万达影城（多彩城店）","17.920 ","9.265 ","166.0288","189"
"晋中万达影城（万达广场店)","20.060 ","10.580 ","212.2348","381"
"大同万达影城（万达广场店）","  ","  ","  ","383"
"大同万达影城（中央公园店）","","","","371"
"长治万达影城（万达广场店）","  ","  ","  ","329"
"运城万达影城（万达广场店）","  ","  ","  ","364"
"福州万达影城（金融街万达广场店）","20.600
19.090","10.674
9.854","219.8844
188.1128","314
288"
"福州金逸影城IMAX（万宝商圈店）","19.014 ","8.864 ","168.5401","445"
"福清万达影城（万达广场店)","22.210 ","11.620 ","258.0802","410"
"福州CGV影城（东二环店）","20.360 ","10.940 ","222.7384","290"
"福州幸福蓝海国际影城（名城IMAX店）","18.170 ","9.540 ","173.3418","304"
"福州万达影城（祥禾天地店) ","19.860 ","10.360 ","205.7496","353"
"福州万达影城（仓山万达广场店）","19.090
19.090","9.854
9.850","188.1128
188.0365","261"
"厦门万达影城（世茂海峡广场店）","22.620
21.457","11.830
10.780","267.5946
231.3064","348"
"厦门卢米埃影城（宝龙一城IMAX店）","22.620 ","11.770 ","266.2374","374"
"厦门万达影城（湖里万达广场店）","19.540
20.180
18.423","10.058
10.399
9.842","196.5333
209.8518
181.3191","291"
"厦门幸福蓝海国际影城（世茂广场IMAX店）   ","18.630 ","10.030 ","186.8589","251"
"厦门寰映影城（棕榈城店)","20.390 ","10.390 ","211.8521","230"
"厦门寰映影城（海上世界店)","26.510
24.473","14.200
14.272","376.4420
349.2786","383"
"厦门万达影城（SM广场店）三期店","22.040
21.186","11.791
11.620","256.1048
246.1813","350"
"厦门寰映影城（集美银泰店）
原厦门大地影城（国贸美岁天地店）","22.900
21.894","11.950
11.721","273.6550
256.6195","365"
"厦门横店电影城（海沧SM广场店）","18.890
18.000","10.150
10.000","191.7335
180.0000","270"
"厦门万达影城（集美万达广场店）","22.130
22.416
23.220
21.383","12.300
11.074
11.720
11.102","272.1990
248.2347
272.1384
237.3940","412"
"莆田万达影城（万达广场店）","21.510
21.710","11.306
11.332","243.1920
246.0177","348"
"泉州万达影城（万达广场店）","23.220 ","11.700 ","271.6740","416"
"石狮万达影城（世茂广场店)","25.160 ","13.500 ","339.6600","344"
"安溪金逸影城（宝龙店）","19.200 ","10.110 ","194.1120","346"
"晋江星轶IMAX影城（吾悦广场旗舰店）","19.830 ","10.200 ","202.2660","209"
"晋江万达影城（万达广场店）","21.600
22.960","11.200
11.740","241.9200
269.5504","357"
"漳州万达影城（台商区万达广场店）","22.480 ","11.800 ","265.2640","381"
"漳州金逸影城（红星店）","18.810 ","9.700 ","182.4570","249"
"漳州万达影城（万达广场店）","21.710
21.980
20.323","11.332
11.446
11.327","246.0177
252.0227
230.1986","347"
"宁德万达影城（万达广场店) ","21.100
22.960","11.800
11.700","248.9800
268.6320","305"
"龙岩万达影城（万达广场店)","  ","  ","  ","401"
"三明万达影城（万达广场店)","22.950 ","12.150 ","278.8425","376"
"南平万达影城（万达广场店）","22.140 ","11.600 ","256.8240","348"
"郑州CGV影城（大卫城店）","24.680
22.032","13.060
11.937","322.3208
262.9959","396"
"郑州万达影城（惠济万达广场IMAX店）","23.100
21.664","12.220
12.015","282.2820
260.2929","396"
"郑州CGV影城（正弘城店）","24.920
22.611","13.100
12.308 ","326.4520
278.2961","322"
"郑州儒意影城（二七万达广场IMAX激光店）
万达影城（二七万达广场IMAX激光店）","23.210
21.448","11.700
11.525","271.5570
247.1882","470
423"
"郑州CGV影城（信万广场店）
原郑州CGV影城（YOYOPARK店）","20.600
18.825","10.640
9.807","219.1840
184.6167","222"
"郑州金逸影城（高新大学城IMAX店)","17.603 ","9.337 ","164.3592","263"
"郑州万达影城（中原万达广场IMAX激光店）","22.850
20.842","11.761
11.295","268.7388
235.4103","353"
"郑州万象影城（郑东万象城IMAX激光店）","19.640
18.375","10.200
9.671","200.3280
177.7046","369"
"洛阳万达影城（万达广场IMAX激光店）","16.420
15.647","8.300
7.700","136.2860
120.4819","295"
"安阳万达影城（文峰万达广场IMAX店）","20.583 ","10.648 ","219.1677","400"
"三门峡万达影城（万达广场IMAX店） ","19.928 ","10.578 ","210.7983","402"
"焦作万达影城（万达广场IMAX店）","20.570
19.291 ","10.650
10.403","219.0705
200.6842","386"
"南阳万达影城（中泰广场IMAX店）","21.900
20.717","11.750
11.082","257.3250
229.5857","321"
"平顶山万达影城（万达广场IMAX店） ","21.030
19.370","10.930
10.750","229.8579
208.2275","375"
"新乡万达影城（万达广场IMAX店） ","21.470
20.236","11.200
9.821","240.4640
198.7377","359"
"鹤壁万达影城（万达广场IMAX店） ","19.290
19.233","10.590
10.548","204.2811
202.8696","350"
"商丘万达影城（睢阳万达广场IMAX店）","19.776 ","10.490 ","207.4502","387"
"开封万达影城（万达广场IMAX店） ","20.130
18.857","10.440
10.440","210.1572
196.8670","363"
"许昌万达影城（万达广场IMAX激光店）","20.750
18.757","11.200
10.194","232.4000
191.2088","357"
"成都万达影城（锦华万达广场店)","15.664 ","8.083 ","126.6121","280
254"
"成都影立方影城（东郊记忆773店）","23.220 ","12.680 ","294.4296","488"
"成都影立方影城（城南优品道广场店）","23.575 ","12.178 ","287.0964","436"
"成都CGV影城（金牛店）","21.250 ","10.900 ","231.6250","326"
"成都CGV影城（高新店）","23.510 ","12.380 ","291.0538","411"
"成都SFC上影影城（龙湖IMAX店)","21.185 ","11.025 ","233.5645","320"
"成都金逸影城（鹏瑞利IMAX店）","22.518 ","11.815 ","266.0501","504"
"成都SFC上影影城（科华IMAX店)","24.390
23.068","13.090
12.536","319.2651
289.1804","442"
"成都万达影城（蜀都万达广场店）","22.760
22.408","11.790
11.790","268.3404
264.1903","338"
"成都万达影城（简阳旭海广场店）","19.870 ","10.759 ","213.7813","312"
"成都万达影城（崇州万达广场店）","19.060 ","10.494 ","200.0156","396"
"成都幸福蓝海国际影城（仁和新城IMAX店） ","21.390 ","11.100 ","237.4290","404"
"成都万达影城（四六八广场店）","17.450
16.196","9.100
8.662","158.7950
140.2897","182"
"成都博纳国际影城（大悦城IMAX店)
原成都星美国际影城（大悦城店)","23.880
21.470","12.350
11.650","294.9180
250.1255","374"
"成都CGV影城（新都七一广场店)","23.920
22.082
21.865","12.600
11.750
11.655","301.3920
259.4635
254.8365","355"
"成都寰映影城（龙泉驿世茂广场店)","17.600
15.166","8.440
7.797","148.5440
118.2493","222"
"成都金逸影城（爱琴海IMAX店）","18.480
18.098
17.603","9.850
8.715
9.273","182.0280
157.7240
163.2326","285"
"成都寰映影城（大魔方广场店)","20.700
18.716
18.608","10.810
10.023
9.850","223.7670
187.5904
183.2888","240"
"成都中影紫荆国际影城4K激光IMAX（环球中心旗舰店）
原成都博纳院线环球中心旗舰店IMAX
原成都星美国际影商城（环球IMAX店)","22.580
23.970
22.465","12.550 
12.000
12.178","283.3790
287.6400
273.5787","453
498"
"成都万象影城（万象城IMAX激光店）B馆","22.730
22.904","12.020
11.835","273.2146
271.0668","394"
"成都金逸影城（和悦IMAX激光店)
原成都CGV影城（天府和悦广场店)","21.060 ","11.000 ","231.6600","295"
"成都博纳国际影城（天府大悦城店）","20.970 ","10.580 ","221.8626","374
340"
"成都英皇电影城（国金中心店）","23.220
21.068","12.050
11.243","279.8010
236.8675","407"
"成都中影紫荆国际影城4K激光IMAX（龙湖北城天街店)","23.220
21.241","12.050
11.217","279.8010
238.2602","352
287"
"成都寰时影城（光环IMAX店）","20.370
19.409","10.750
10.294","218.9775
199.7962","406"
"成都万达影城（金牛万达广场店）","21.180
21.970
21.108","10.980
11.550
10.928","232.5564
235.7535
230.6682","429
381"
"成都英皇电影城（新光天地店）","22.040
23.870
21.935","11.460
12.460
11.460","252.5784
297.4202
251.3751","386"
"成都CGV影城（金楠店）","20.680 ","11.120 ","229.9616","284"
"成都中影紫荆国际影城IMAX（锦宸天街店)","21.530 ","11.350 ","244.3655","380"
"成都熊猫基地IMAX影院","24.385 ","14.160 ","345.2916","428"
"绵阳金逸影城（奥莱IMAX店）","25.220 ","13.330 ","336.1826","396"
"绵阳万达影城（涪城万达广场店）","21.740 ","11.600 ","252.1840","311"
"广元万达影城（万达广场店）","  ","  ","  ","382"
"内江万达影城（万达广场店）","25.750
24.131","13.860
12.734","356.8950
307.2841","396"
"自贡星维国际电影城（南湖店)","23.630
22.117","12.350
11.820","292.0775
261.4229","524"
"自贡万达影城（万达广场店）","18.451 ","9.741 ","179.7911","371"
"泸州CGV影城（万象汇店）","  ","  ","","354"
"泸州万达影城（万达广场店）","20.900 ","10.850 ","226.7650","427"
"泸州金逸影城（天远广场店) ","25.760 ","13.670 ","352.1392","368"
"资阳万达影城（万达广场店）","  ","  ","  ","411"
"德阳万达影城（万达广场店）","23.630 ","12.430 ","293.7209","372"
"德阳金逸影城（五洲广场店）","20.340
19.950","10.510
10.660","213.7734
212.6670","362"
"乐山万达影城（万达广场店）","20.250 ","11.000 ","222.7500","360"
"乐山金逸影城（IMAX店）","21.280 ","11.080 ","235.7824","315"
"遂宁万达影城（万达广场店）","21.220 ","  ","  ","394"
"眉山万达影城（雕像国际广场店）","19.590 ","10.710 ","209.8089","246"
"达州横店电影城（IMAX罗浮店）","  ","  ","  ","235"
"雅安万达影城（万达广场店）","20.820 ","11.170 ","232.5594","422"
"宜宾万达影城（万达广场店）","20.760 ","10.770 ","223.5852","388"
"攀枝花万达影城（万达广场店）","","","","334"
"南充万达影城（临江万达广场店）
原南充万达影城（保利广场店）","21.331 ","11.510 ","245.5198","404"
"南昌万达影城（八一万达广场店）","16.500
15.314","8.090
8.201","133.4850
125.5901","277
268"
"南昌万达影城（万达文化旅游城店）","25.530
23.881","13.770
12.826","351.5481
306.2977","355"
"南昌星轶IMAX影城（青山湖吾悦广场旗舰店） ","17.830
16.987","9.430
9.389","168.1369
159.4909","312"
"南昌万达影城（西湖万达广场店）","20.600
19.300","10.690
10.546","220.2140
203.5378","395"
"南昌万达影城（青山湖万达广场店）","21.880
20.660","11.440
10.803","250.3072
223.1899","374"
"南昌万象影城（万象汇IMAX激光店）","17.980
16.926","9.440
8.995","169.7312
152.2493","245"
"南昌万达影城（红谷滩万达广场店）","20.590
21.980
21.590","12.190
11.470
11.620","250.9921
252.1106
250.8758","338
312"
"赣州CGV影城 （万象城店）","24.094 ","12.869 ","310.0656","479"
"赣州万达影城（经开万达广场店）","15.359 ","8.083 ","124.1467","255"
"赣州英皇电影城（杉杉奥特莱斯店) ","20.506 ","10.982 ","225.1968","344"
"宜春万达影城（万达广场店）","21.450 ","11.410 ","244.7445","398"
"新余金逸影城（光美抱石IMAX店） ","  ","   ","  ","352"
"上饶万达影城（万达广场店）","23.860 ","12.700 ","303.0220","351"
"抚州万达影城（万达广场店）","   ","   ","    ","406"
"九江万达影城（万达广场店）","22.630 ","11.720 ","265.2236","396"
"九江横店电影城（IMAX快乐城店）","20.120 ","10.550 ","212.2660","268"
"吉安金逸影城（金鑫瑞德IMAX店）","","","","396"
"景德镇横店电影城（IMAX九集小镇店）","","","","403"
"贵阳万达影城（观山湖万达广场店）","22.240 ","11.640 ","258.8736","281"
"贵阳万达影城（中大广场店）","18.920 ","9.910 ","187.4972","281"
"贵阳卢米埃影城（花溪店)","19.090 ","10.020 ","191.2818","231"
"贵阳CGV影城（印象城店) ","22.960
21.210","11.940
11.657","274.1424
245.9627","326"
"贵阳万达影城（云岩万达广场店) ","","","","434"
"贵阳万达影城（数博万达广场店) ","21.530 ","11.610 ","249.9633","331"
"贵阳博悦汇影城（壹号店) ","21.480 ","11.400 ","244.8720","263"
"贵阳越界影城（未来方舟店） ","32.160
26.806","18.170
15.989（地板到天花板高度17.904）","584.3472
428.6011","714
739"
"六盘水万达影城（万达广场店）","20.860 ","10.780 ","224.8708","411"
"南宁万达影城（印象城店)","  ","  ","  ","255"
"南宁万达影城（安吉万达广场店）","21.130 ","11.100 ","234.5430","341"
"南宁万达影城（万达茂店）","21.660 ","11.670 ","252.7722","384"
"南宁万达影城（江南万达广场店）","22.850 ","11.750 ","268.4875","359"
"南宁万达影城（青秀万达广场店）","22.760
21.069","11.670
11.057","265.6092
232.9599","412"
"南宁民族影城 （民族大道IMAX店）","25.760
21.517
24.980","13.150
12.527
13.150","338.7440
269.5734
328.4870","506
480"
"桂林万达影城（七星万达广场店）","20.951 ","11.200 ","234.6512","412"
"桂林万达影城（叠彩万达广场店）","19.050 ","10.750 ","204.7875","362"
"桂林万象影城（万象城IMAX激光店）","19.440
18.096","10.090
9.899","196.1496
179.1323","252"
"桂林万达影城（临桂万达广场店) ","19.210 ","10.210 ","196.1341","315"
"柳州万达影城（柳南万达广场店）","20.050 ","10.600 ","212.5300","394"
"柳州金逸影城（万象城店）","25.280 ","13.410 ","339.0048","393"
"柳州万达影城（城中万达广场店）","22.130 ","11.580 ","256.2654","362"
"贵港万达影城（万达广场店）","  ","  ","  ","359"
"玉林万达影城（万达广场店)","22.760 ","10.850 ","246.9460","365"
"玉林中影金城国际影院","18.120 ","9.460 ","171.4152","253"
"三亚万达影城（万达海棠湾店）","20.910 ","11.790 ","246.5289","295"
"海口星轶IMAX影城（龙华吾悦广场旗舰店）","25.360
24.980
23.672","13.670
13.820
12.822","346.6712
345.2236
303.5223","343"
"海口金逸影城（星海湾IMAX店）","20.118 ","10.615 ","213.5525","448"
"海口万达影城（海航日月广场店）","23.010
21.945","12.300
11.585","283.0230
254.2328","365"
"海口万达影城（秀英万达广场店）","19.279 ","10.212 ","196.8771","413"
"海口CGV影城（友谊阳光城店）","24.431 ","13.175 ","321.8784","402"
"海口博纳国际影城（龙湖天街激光IMAX店）","18.450
17.657","9.520
9.237","175.6440
163.0977","259"
"海口中视国际影城IMAX（国秀城店）
原中视国际影城（国兴店）","24.790 ","12.850 ","318.5515","449"
"西宁万达影城（海湖万达广场店）","  ","  ","  ","350"
"西宁万达影城（中发源时代广场店）","  ","  ","  ","342"
"乌鲁木齐万达影城（万达广场店）","  ","  ","  ","345"
"乌鲁木齐万达影城（德汇万达广场店）","  ","  ","  ","210"
"乌鲁木齐万达影城（高新区万达广场店）","20.230 ","10.440 ","211.2012","339"
"乌鲁木齐中影美美影城（MM3店）","24.970 ","13.150 ","328.3555","362"
"拉萨万达影城（万达广场店）","20.331 ","10.930 ","222.2178","392"
"拉萨SFC上影IMAX影城（原天海万达影城）","22.400 ","11.800 ","264.3200","404"
"澳门英皇戲院（澳門葡京人）","24.590
23.146","11.800
10.801","290.1620
249.9999","466"
"济南金逸影城（汇隆广场IMAX店）","  ","  ","  ","406"
"烟台CGV影城（长江路店）","  ","  ","  ","321"
"哈尔滨万达影城（群力财富广场店）","  ","  ","  ","298"
"哈尔滨CGV影城（红博中央公园IMAX店）","20.873 ","10.752 ","224.4264","377"
"苏州金逸影城（亿象城店）","19.100 ","11.240 ","215.5832（自测)","368"
"苏州耳东影城","  ","  ","  ","359"
"无锡橙天嘉禾影城（万象城店)","21.000 ","12.000 ","252.0000","435"
"无锡CGV影城（盛岸店）","21.200 ","11.700 ","248.0400","380"
"南通万达影城（五洲广场店）","  ","  ","  ","278"
"南通万达影城（星光耀广场店）","  ","  ","","301"
"重庆万象影城（弹子石万象汇IMAX激光店）","24.520 ","12.900 ","316.3080","294"
"重庆越界影城（江北嘴店）","20.160 ","10.680 ","225.9888","329"
"重庆金逸影城（星光时代店)","21.390
22.490","12.100
12.250","258.8190
275.5025","332"
"重庆越界影城（大学城店）","22.940 ","11.930 ","273.6742","445"
"重庆市少年宮影院","18.000 ","","","175"
"重庆科技馆","21.970 ","16.000 ","351.5200","270"
"重庆百丽宫影城（IMAX万象城店）后续待定","23.740 ","12.640 ","300.0736","456"
"北京中国科技馆","29.580 ","21.930 ","648.6894","632"
"沈阳CGV影城（金融中心店）","  ","  ","  ","420"
"沈阳金逸影城（龙之梦店）","    ","  ","  ","498"
"广州泛洋国际影城","  ","  ","  ","435"
"广州广东科学中心","28.980 ","22.000 ","637.5600","610"
"深圳橙天嘉禾影城（观澜湖店）","22.780 ","11.930 ","271.7654","374"
"深圳星美国际影商城（京基店）","21.080 ","11.160 ","235.2528","325"
"深圳博纳国际影城（海航城IMAX店）","23.070 ","11.740 ","270.8418","473"
"深圳中影国际影城（欢乐海岸店）","  ","  ","","326"
"深圳英皇UA电影城（深业上城店）","  ","  ","  ","387"
"深圳博纳UA影城（KK Mall店）","21.640 ","11.610 ","251.2404","327"
"佛山越界思哲影城（三水新动力店)","23.420 ","12.410 ","290.6422","359"
"佛山CC影城（永旺IMAX店) ","  ","  ","  ","381"
"佛山中视国际影城（富弘广场店) ","  ","  ","  ","380"
"佛山CGV星星影城（星耀101店） ","20.821 ","10.819 ","225.2620","440"
"江门CGV影城（蓬江店）","  ","  ","  ","269"
"武汉万达影城（汉街万达广场店） 原有商业综合体拆除","19.850 ","11.060 ","219.5400","331"
" 武汉UA新民众乐园电影城
（原武汉环艺新民众乐园电影城) ","20.410 
19.070","11.096 
9.980 ","226.4472 
190.3186","648
291"
"武汉CGV影城（光谷店）","20.460 ","11.430 ","233.8570","328"
"武汉CGV影城（江腾店）","20.020 ","10.480 ","209.8096","239"
"武汉博纳国际影城（银泰店）","21.310 
23.100","12.120 
12.120","258.2772 
279.9720","377"
"武汉华谊兄弟影院（光谷店）","19.830
20.000","10.070
10.810","199.6881
216.2000","417"
"长沙泰禾影城（开福IMAX店）","  ","  ","  ","361"
"长沙金逸影城（福晟IMAX店）","  ","  ","  ","305"
"长沙CGV影城（星沙店）","  ","  ","  ","298"
"杭州佳映国际影城（五洲国际广场店） ","  ","  ","  ","411"
"杭州海上明珠国际影城（滨江店)","18.530 ","10.010 ","185.4853（自测）","340"
"杭州德纳国际影城（萧山IMAX店）","  ","  ","  ","342"
"杭州金逸影城（影视中心IMAX店）","20.710 ","10.800 ","223.6680","356"
"宁波CGV影城（文化广场店）","21.670 ","11.900 ","257.8730","416"
"宁波星美国际影城（奥特莱斯店）","  ","  ","","368"
"天津中影国际影城（和平津湾店）","21.300 ","12.100 ","257.7300","377"
"天津农垦博纳国际影城 ","20.540 ","11.180 ","229.6372","406"
"石家庄CGV影城（中冶IMAX店）","","","","290"
"贵阳星美国际影城（花果园店）","  ","  ","  ","432"
"玉林金逸影城（凤凰广场店） ","  ","  ","  ","380"
"成都万达影城（城中城店）","16.310 ","8.660 ","141.2446","204"
"成都中视国际影城 IMAX（铁建店）","  ","  ","  ","306"
"成都CGV影城（龙泉驿店) ","20.520 ","10.610 ","217.7172","311"
"成都中影紫荆国际影城（IMAX天府环宇坊店）","16.630 ","8.610 ","143.1843","253"
"成都CGV影城（犀浦店)","19.500 ","10.060 ","196.1700","211"
"郑州CGV影城（高新店）","24.930 ","13.450 ","335.3085","366"
"福州星美国际影城（王庄店）","25.800 ","13.560 ","349.8480","557"
"福州海艺影城","20.390 ","10.590 ","215.9301","475"
"芜湖万达影城（华强广场店）","  ","  ","  ","346"
"铜陵万达影城（北斗星城广场店）","   ","  ","","348"
"安庆SFC上影影城（百联店）","  ","  ","  ","461"
"温岭0090 IMAX影城","  ","  ","  ","512"
"西安大明宫IMAX影院","21.336 ","12.000 ","256.0000","293"
"西安长安国际影城（凯德广场IMAX店)","21.820
20.446","11.590
11.175","252.8938
228.4840","283"
"呼和浩特CGV影城（中山店）","  ","  ","","367"
"临汾万达影城（新百汇广场店）","  ","  ","  ","331"
"厦门金逸影城（明发IMAX店）","24.177 ","11.429 ","276.3189","396"
"宝鸡金逸影城（西建国际IMAX店）","19.300 ","10.650 ","205.5450","376"
"上海科技館","23.000 ","","","280"
"上海科技馆","24.320 ","18.310 ","445.2992","441"
"上海上影虹桥临空国际影城","16.740 ","9.350 ","156.5190（自测）","240"
"上海和平影都（改成普通影厅）","19.900 ","16.000 ","318.4000","358"
"上海幸福蓝海国际影城（香溢花城IMAX店）","17.360 ","8.840 ","153.4624","247"
"上海海上明珠国际影城（大宁店）","20.200 ","10.910 ","220.3820","340"
"温州万达影城（南塘店)","21.920 ","11.410 ","250.1072","310"
"大庆幸福蓝海国际影城（松雷广场店）","  ","  ","  ","407"
"南京新街口国际影城（德基广场IMAX店)","22.810 ","12.048 ","274.8149","398"
"南京科技館","21.000 ","","","234"
"宜春大地影院（润达国际IMAX店)","  ","  ","  ","411"
"南宁永恒·晶钻影城","21.330 ","11.820 ","252.1206","399"
"南宁万达影城（嘉佑城店）","20.920 ","10.990 ","229.9108","201"
"中山CGV星星影城（兴中广场店）","20.970 ","10.862 ","227.7761","348"
"中山CGV影城（小榄百汇店）","24.090 ","13.370 ","322.0833","344"
"中山博纳国际影城（古镇店)","20.390
19.214","10.470
9.977","213.4833
191.6980","333"
"海口中视国际影城（喜盈门店）","","","","368"
"三亚中视国际影城","21.865 ","11.459 ","250.5510","380"
"昆山保利国际影城（文化艺术中心店)","  ","  ","  ","340"
"吉林万达影城（华业广场店）","  ","  ","","328"
"淮北金逸影城（IMAX店）","20.990 ","11.070 ","232.3593","440"
"遵义金逸影城（方圆荟·日月星IMAX店) ","","","","378"
"北海大地影院（宁春城店）","20.020 ","10.510 ","210.4102","278"
"长沙CGV影城（岳麓店）","  ","  ","  ","398"
"汕头星城影院（正大卜蜂中心店)","18.400 ","10.210 ","187.8640","328"
"太原时代影城IMAX（华景天地店）
原太原泰禾影城","19.800 ","10.350 ","204.9300","261"
"大慶市科學技術館","18.000 ","","","120"
"连云港星轶IMAX影城（民主路文化街旗舰店）","20.760 ","10.800 ","224.2080","250"
"基隆國立海洋科技博物館","28.400 ","22.000 ","624.8000","300"
"大连SFC上影影城（百年港湾店) ","19.960 ","11.070 ","220.9572","312"
"常州幸福蓝海国际影城（嘉禾店）
原常州幸福蓝海橙天嘉禾影城","24.080 ","13.597 ","327.4158","552"
"香港機場UA IMAX影院","22.400 ","13.800 ","309.1200","350"
"香港香港太空館","23.000 ","","","270"
"昆明云南昆明摩天激光IMAX影院
（原昆明大都LCC光魔雷射影院）","23.000
23.100
23.337","21.000
17.370
15.887","483.0000
401.2470
370.7549","363"
"泉州保利万和CFR国际影城（IMAX店）
原泉州泰禾影城（东海店） ","  ","  ","  ","333"
"扬州上影四方国际影城","21.900 ","11.880 ","260.1720","282"
"合肥华谊兄弟影院（武里山天街店）","21.610
21.300","11.490
8.050","248.2989
171.4650","385"
"北京华谊兄弟影院（洋桥店）","19.840
19.840","10.680
10.870","211.8912
215.6608","321"
"晋中华谊兄弟影院 （奥莱店)","23.300 ","13.300 ","309.8900","462"
"廊坊华谊兄弟影城（燕郊天洋城店）","16.890
16.200","8.620
9.100","145.5918
147.4200","256"
