id,sourceRow,name,result,reviewer,confirmationSource,evidenceCount,evidenceUrls,notes
"imax-cn-0331","331","沈阳万达影城（辽宁省科技馆—万达影城IMAXGT双激光）","same mall/venue only","codex-browser-review","codex-browser-independent-review","2","https://whly.ln.gov.cn/whly/wlzt/lnwhsczhzf/2025031711433824142/index.shtml | https://cinema.gaoliang.me/en/cinema/%E6%B2%88%E9%98%B3%E4%B8%87%E8%BE%BE%E5%BD%B1%E5%9F%8E%EF%BC%88%E8%BE%BD%E5%AE%81%E7%9C%81%E7%A7%91%E6%8A%80%E9%A6%86%E2%80%94%E4%B8%87%E8%BE%BE%E5%BD%B1%E5%9F%8EIMAX%20GT%E5%8F%8C%E6%BF%80%E5%85%89%EF%BC%89_IMAX","网页端独立复核确认辽宁省科学技术馆智慧三街159号内存在IMAX GT影厅，并由万达影城按商业放映手续运营；AMap的塔湾街40号科技馆和其他万达分店均为错误地点。具体影厅/运营入口身份不再升级，按venue-level物化。"
"imax-cn-0826","826","武汉UA新民众乐园电影城","same mall/venue only","codex-browser-review","codex-browser-independent-review","2","https://m.dongfangfuli.com/cinema/detail/586?city=67 | https://blog.zengrong.net/post/watch-tenet-in-cinema/","票务目录确认武汉UA新民众乐园电影城位于中山大道608号新民众乐园4楼，并标注原环艺影城及IMAX厅；独立资料确认旧名改为UA。AMap仅有商场锚点，按venue-level保存，不把民众乐园商场POI升级为影院POI，也不额外推断当前营业状态。"
"imax-cn-0069","69","台北美麗華大直影城","same mall/venue only","codex-browser-review","codex-browser-independent-review","2","https://www.miramarcinemas.tw/Home/aboutus | https://www.taipeitimes.com/News/biz/archives/2006/02/28/2003295075","美麗華官方页面确认大直影城IMAX及敬業三路22號6樓；Taipei Times确认原華納威秀分店更名为Miramar Cinemas并保留IMAX。AMap的20号Dolby厅不是指定22号馆入口，因此只使用22号馆venue anchor。"
"imax-cn-0790","790","拉萨SFC上影IMAX影城","same mall/venue only","codex-browser-review","codex-browser-independent-review","2","https://www.amap.com/place/B0MROSG9K0 | https://cinema.gaoliang.me/en/city/%E8%A5%BF%E8%97%8F/%E6%8B%89%E8%90%A8","公开AMap详情与独立影院资料共同确认原天海万达影城/SFC上影IMAX影城位于天海国际广场3楼；当前队列的纳金东路54号城关万达广场和柳梧万达均为不同商业体。只物化天海国际广场venue-level。"
"imax-cn-0897","897","","same entity","codex-browser-review","codex-browser-independent-review","2","https://m.maigoo.com/news/686296.html | https://www.qzfz.gov.cn/zwgk/yatabf/zxta/202409/t20240902_3077573.htm","独立网页资料确认泉州丰泽东海泰禾广场17幢L601为保利万和IMAX店；AMap缓存中的B0IKMUN6W7正是该地址的保利万和泰禾店，拒绝晋江、南安等同地级市其他分店。"
"imax-cn-0731","731","","same entity","codex-browser-review","codex-browser-independent-review","2","https://www.kangou.cn/search-cinema.shtml?searchid=201005&searchsubmit=yes&kw=%E4%BF%9D%E5%88%A9 | https://www.maoyan.com/cinema/28753","公开票务页把原保利广场店和当前临江万达IMAX店锁定到南充高坪区同一地址；AMap候选B0FFMHT0CS为南充高坪万达广场店，接受该分店，不接受其他南充万达。"
"imax-cn-0893","893","常州幸福蓝海国际影城（嘉禾店）","acceptedHistoricalLocation","codex-browser-review","codex-browser-independent-review","3","https://m.dongfangfuli.com/cinema/list?city=104&region_id=874 | https://top.qcc.com/tc/7c9a44db1c65.html | https://www.google.com/maps/place/%E5%90%BE%E6%82%A6%E5%9B%BD%E9%99%85%E5%B9%BF%E5%9C%BA/data=!4m7!3m6!1s0x35b412cb2869a7a7:0x175f7017a66af3ca!8m2!3d31.7811165!4d119.9479141","独立票务、企业资料和闭店公告共同确认原橙天嘉禾/嘉禾店在延陵西路123号吾悦国际广场A座6层；公开地图确认该商场venue坐标31.7811165,119.9479141。2025年闭店，不绑定常州歌林、万象城或春江等其他幸福蓝海分店。"
"imax-cn-0896","896","昆明云南昆明摩天激光IMAX影院","acceptedHistoricalLocation","codex-browser-review","codex-browser-independent-review","3","https://zh.wikipedia.org/wiki/IMAX | https://www.amap.com/place/B0I1NRBI2C | https://m.dongfangfuli.com/cinema/detail/3890?city=23","IMAX公开资料确认原昆明大都LCC光魔雷射影院位于大都摩天购物中心并设363座激光IMAX；公开AMap同址候选为大都光魔激光影院。按历史地点物化，不把现有/后续大都影院运营状态写成原影院仍营业。"
"imax-cn-0859","859","呼和浩特CGV影城（中山店）","acceptedHistoricalLocation","codex-browser-review","codex-browser-independent-review","3","https://zx.sina.cn/kxlib/2021-03-02/zx-ikftpnnz0664073.d.html?cre=wappage&loc=4&mod=r&r=0&rfunc=11&tj=wap_news_relate | https://news.cnr.cn/native/gd/20150314/t20150314_518003372.shtml | https://movie.douban.com/cinema/search/huhehaote/","公开报道、2015年报道及影院目录共同确认CGV呼和浩特中山店在金翡丽广场五层，并记录2021年停止营业；横店电影城(金翡丽店)仅作同址后续运营锚点，不等同CGV实体。"
"imax-cn-0887","887","汕头星城影院（正大卜蜂中心店）","acceptedHistoricalLocation","codex-browser-review","codex-browser-independent-review","2","https://m.dongfangfuli.com/cinema/detail/2446?city=22 | https://m.cpgroup.cn/index.php?a=show&c=index&catid=27&id=10&m=content","独立票务目录确认汕头星城影院位于东厦北路175号南信星汇国际商城卜蜂中心4-5楼并设IMAX；卜蜂中心官方资料确认该商业体配置国际IMAX影院。AMap租户POI仅作历史场馆锚点，不作为影院POI。"
"imax-cn-0005","5","香港B+ cinema MOKO (旺角東)","same mall/venue only","codex-browser-review","codex-browser-independent-review","3","https://www.moko.com.hk/about-moko/information/ | https://www.cinema.com.hk/en/cinema/5/imax | https://www.google.com/maps/place/B%2B+cinema+MOKO/@22.3242839,114.1733005,17z","MOKO官方商场页与香港影院官方页确认B+ cinema MOKO位于新世纪广场4楼并设IMAX；公开地图确认同址坐标。当前官方页面显示影院仍在运营，因此不按队列旧的闭店信号写成历史地点；AMap未召回可靠影院POI，保守按venue-level物化。"
"imax-cn-0900","900","北京华谊兄弟影院（洋桥店）","acceptedHistoricalLocation","codex-browser-review","codex-browser-independent-review","3","https://www.bjiff.com/ | https://cinema.gaoliang.me/cinema/%E5%8C%97%E4%BA%AC%E5%8D%8E%E8%B0%8A%E5%85%84%E5%BC%9F%E5%BD%B1%E9%99%A2%EF%BC%88%E6%B4%8B%E6%A1%A5%E5%BA%97%EF%BC%89_IMAX | https://h5.imanm.com/moviev3/cinamermoviedetails/779/2435","北京电影节资料、影院历史页和票务页面共同确认洋桥店位于马家堡东路101号院银泰百货大红门店6层；当前AMap暂停营业POI仅作历史位置锚点，不把其他华谊分店作为替代。"
"imax-cn-0004","4","香港MCL CINEMAS（K11 Art House）","same mall/venue only","codex-browser-review","codex-browser-independent-review","3","https://m.mclcinema.com/Ticketing/Cinema?cinemaCode=017&language=zh-TW | https://www.k11musea.com/en/shop/k11-art-house/ | https://www.google.com/maps/place/K11+Art+House(Cinema)/@22.2943715,114.1744016,17z","MCL官方页和K11 MUSEA官方页确认K11 Art House位于K11 MUSEA 4楼并设IMAX；公开地图显示当前影院仍在运营。AMap仅召回泛化K11场馆候选，按venue-level物化，不伪造影院POI。"
"imax-cn-0846","846","","same entity","codex-browser-review","codex-browser-independent-review","1","https://m.dongfangfuli.com/cinema/detail/8558?city=57","东方福利网独立列出中视国际影城IMAX铁建店，地址为成都市成华区东华二路38号中国铁建广场4号楼四层；与AMap候选城市、铁建商业体、楼层和IMAX分店关系一致。"
"imax-cn-0892","892","","same entity","codex-browser-review","codex-browser-independent-review","3","https://m.sohu.com/a/222412953_99959616 | https://www.dl-library.net.cn/wenxian/dlnet/content.php?id=442039 | https://static.cninfo.com.cn/finalpage/2016-08-04/1202535713.PDF","独立影院名单、上影资料和上市公司招股书均把百年港湾店锁定到大连西岗区百年港湾奥特莱斯A2区二楼；SFC上影旧称与AMap当前上影国际影城名称为同一分店关系。"
"imax-cn-0164","164","","same entity","codex-browser-review","codex-browser-independent-review","2","https://cinema.gaoliang.me/cinema/%E6%B7%AE%E5%AE%89%E5%B9%B8%E7%A6%8F%E8%93%9D%E6%B5%B7%E5%BD%B1%E5%9F%8E%EF%BC%88%E6%BF%80%E5%85%89IMAX%E5%BA%97%EF%BC%89_IMAX | https://m.thejie.com/writing/14812","独立影院指南和影院名单均将淮安IMAX激光店定位在清江浦区师专路1号花漾城二期华信MALL 6层/6-7层；排除了淮安同城其他幸福蓝海分店。"
"imax-cn-0002","2","","same entity","codex-browser-review","codex-browser-independent-review","2","https://www.yohomall.hk/zh-hk/shopping/3790/My%20Cinema | https://www2.cinema.com.hk/en/cinema/10","YOHO MALL官方商户页和百老汇院线官方售票页均确认MY CINEMA位于YOHO MALL I一楼1021号铺；AMap候选的元朗形点商场地址与官方地址一致。"
"imax-cn-0010","10","SFC上影影城（天山缤谷广场IMAX店）","same entity","codex-browser-review","codex-browser-independent-review","2","https://www.maoyan.com/cinema/16051?_v_=yes&merCode=1000152 | https://locatecinemas.com/cinemas/china/shanghai/","AMap原候选前三条均为其他分店，但同一已有AMap缓存中存在缤谷广场影院POI B0FFH8FDJC。猫眼和独立影院目录均把天山缤谷IMAX店定位到天山路345号缤谷广场2期5层，因此人工选择该缓存候选，拒绝大上海、宝山和七宝分店。"
"imax-cn-0017","17","","same entity","codex-browser-review","codex-browser-independent-review","2","https://cinema.gaoliang.me/cinema/%E4%B8%8A%E6%B5%B7%E5%B9%B8%E7%A6%8F%E8%93%9D%E6%B5%B7%E5%9B%BD%E9%99%85%E5%BD%B1%E5%9F%8E%EF%BC%88%E9%BE%99%E6%B9%96%E5%AE%9D%E5%B1%B1%E5%A4%A9%E8%A1%97IMAX%E5%BA%97%EF%BC%89_IMAX | https://m.thepaper.cn/newsDetail_forward_8372558","独立影院指南、票务资料和宝山区复业报道均把宝山龙湖IMAX店定位到丹霞山路50弄1号龙湖上海宝山天街4层，排除崇明陈家镇和宝山北城时代候选。"
"imax-cn-0047","47","","same entity","codex-browser-review","codex-browser-independent-review","2","https://www.shanghai.gov.cn/nw15343/20251224/e6ee803e34b6419daf86b97d90afa9a6.html | https://www.jfdaily.com/sgh/detail?id=1709731","上海市政府开业报道和上海媒体均确认前湾印象城MEGA内的寰映影城及IMAX影厅；地址为闵行区联友路388号，楼层为L4，与AMap候选完全对应。"
"imax-cn-0054","54","","same entity","codex-browser-review","codex-browser-independent-review","2","https://m.dongfangfuli.com/cinema/list?city=151&region_id=1281 | https://www.maigoo.com/news/664895.html","东方福利网和哈尔滨万达影院名单均将五常店定位到五常市金街时代购物广场，支持AMap的时代广场候选；不是哈尔滨市区其他万达分店。"
"imax-cn-0061","61","","same entity","codex-browser-review","codex-browser-independent-review","2","https://www.sohu.com/a/191517764_99960412 | https://www.maigoo.com/news/664895.html","万达影城公开开业报道明确写出松雷店位于哈尔滨市南岗区东大直街329号松雷商厦7层并设IMAX，独立影院名单再次确认该分店，排除乐松和香坊候选。"
"imax-cn-0071","71","","same entity","codex-browser-review","codex-browser-independent-review","1","https://www.vscinemas.com.tw/theater/detail.aspx?id=11","威秀影城官方页面直接确认台中大遠百威秀影城位于台中市西屯区台湾大道三段251号13楼，并列出数字IMAX及381座影厅。"
"imax-cn-0073","73","","same entity","codex-browser-review","codex-browser-independent-review","2","https://www.vscinemas.com.tw/brand/theater.aspx?A=3&B=16 | https://data.tainan.gov.tw/Resource/b688f1f6-fb23-45d7-960d-a18b395263a3","威秀官方和台南市政府资料均确认台南南紡威秀影城位于中华东路一段366号5楼；同城不同楼层写法属于楼层字段差异，不影响影院实体。"
"imax-cn-0075","75","","same entity","codex-browser-review","codex-browser-independent-review","2","https://www.vscinemas.com.tw/theater/detail.aspx?id=21 | https://moviego.funorange.com.tw/theater/104","威秀官方页面和独立影院资料均确认花莲新天堂乐园店位于吉安乡南滨路一段503号，并设IMAX；城市和商场关系闭环。"
"imax-cn-0077","77","","same entity","codex-browser-review","codex-browser-independent-review","2","https://www.vscinemas.com.tw/theater/detail.aspx?id=18 | https://moviego.funorange.com.tw/theater/102","威秀影城官方页面确认高雄大遠百威秀影城覆盖高雄大遠百13至16楼；官方公开资料和影院资料均支持三多四路21号13楼候选。"
"imax-cn-0082","82","","same entity","codex-browser-review","codex-browser-independent-review","2","https://cinema.gaoliang.me/cinema/%E5%8D%97%E4%BA%AC%E9%87%91%E9%80%B8%E5%BD%B1%E5%9F%8E%EF%BC%88%E5%85%89%E7%BE%8E%E6%B1%9F%E5%AE%81%E5%BC%98%E9%98%B3IMAX%E5%BA%97%EF%BC%89_IMAX | https://www.maigoo.com/news/665459.html","公开影院指南和南京金逸影院名单均将光美江宁弘阳IMAX店定位到胜太路弘阳家居2号门2F/4F；AMap名称中的弘阳家居店是同一商场别名。"
"imax-cn-0087","87","","same entity","codex-browser-review","codex-browser-independent-review","3","https://cinema.gaoliang.me/cinema/%E5%8D%97%E4%BA%AC%E5%B9%B8%E7%A6%8F%E8%93%9D%E6%B5%B7%E5%9B%BD%E9%99%85%E5%BD%B1%E5%9F%8E%EF%BC%88%E7%87%95%E5%AD%90%E7%9F%B6%E6%8B%9B%E5%95%86%E8%8A%B1%E5%9B%AD%E5%9F%8EIMAX%E5%BA%97%EF%BC%89_IMAX | https://www.nsi.edu.cn/_upload/article/files/1c/f7/f00d849c49c5b462e1e7a058a428/bb2a0eac-3198-4301-baad-59576caac662.pdf | https://www.archina.com/index.php?a=show&g=works&id=5240&m=index","独立影院指南、幸福蓝海公司披露和招商花园城项目资料均确认燕子矶招商花园城4层的幸福蓝海IMAX影城，排除玄武花园城等同城分店。"
"imax-cn-0093","93","","same entity","codex-browser-review","codex-browser-independent-review","2","https://cinema.gaoliang.me/cinema/%E5%8D%97%E4%BA%AC%E6%98%9F%E8%BD%B6IMAX%E5%BD%B1%E5%9F%8E%EF%BC%88%E9%9B%A8%E8%8A%B1%E5%90%BE%E6%82%A6%E5%B9%BF%E5%9C%BA%E5%BA%97%EF%BC%89_IMAX | https://m.dongfangfuli.com/cinema/detail/13365?city=100","独立影院指南、东方福利网和影院名单均将雨花吾悦广场店定位到古雄大道211号吾悦广场F7层，并注明IMAX；AMap候选与网页证据一致。"
"imax-cn-0094","94","","same entity","codex-browser-review","codex-browser-independent-review","3","https://cinema.gaoliang.me/cinema/%E5%8D%97%E4%BA%AC%E4%B8%87%E8%BE%BE%E5%BD%B1%E5%9F%8E%EF%BC%88%E6%B5%A6%E5%8F%A3%E7%99%BD%E9%A9%AC%E5%BA%97%EF%BC%89_IMAX | https://www.nsi.edu.cn/_upload/article/files/1c/f7/f00d849c49c5b462e1e7a058a428/bb2a0eac-3198-4301-baad-59576caac662.pdf | https://www.maigoo.com/news/664688.html","独立影院指南、南京高校公开影院名录和南京万达影院名单均确认浦口白马店在江浦街道狮山路5-1号白马生活广场4层，排除南京其他万达分店。"
"imax-cn-0109","109","","same entity","codex-browser-review","codex-browser-independent-review","2","https://cinema.gaoliang.me/cinema/%E8%8B%8F%E5%B7%9E%E6%98%9F%E5%85%89%E5%98%89%E6%98%A0%E5%BD%B1%E5%9F%8E%EF%BC%88IMAX%E9%BE%99%E6%B9%96%E8%8B%8F%E5%B7%9E%E7%9B%B8%E5%9F%8E%E5%A4%A9%E8%A1%97%E5%BA%97%EF%BC%89_IMAX | https://www.jsxc.gov.cn/llsk/xcpp/dzxt/202506/P020250717544383554688.pdf","独立影院指南和相城区公开报道均确认星光嘉映影城IMAX龙湖苏州相城天街店位于相城大道1399号龙湖相城天街F6层。"
"imax-cn-0123","123","","same entity","codex-browser-review","codex-browser-independent-review","3","https://static.sse.com.cn/stock/disclosure/announcement/c/201906/000021_20190603_24BG.pdf | https://www.liyang.gov.cn/html/czly/2026/IQKAQDDQ_0429/237610.html | https://www.sina.cn/news/detail/5048439740834347.html","幸福蓝海公司披露、溧阳市政府活动页面和独立影院资料均确认溧阳上河城店在平陵中路369号上河城3层3305，排除埭头等其他溧阳分店。"
"imax-cn-0139","139","","same entity","codex-browser-review","codex-browser-independent-review","2","https://cinema.gaoliang.me/cinema/%E9%95%87%E6%B1%9F%E6%98%9F%E8%BD%B6IMAX%E5%BD%B1%E5%9F%8E%EF%BC%88%E4%B8%81%E5%8D%AF%E5%90%BE%E6%82%A6%E5%B9%BF%E5%9C%BA%E6%97%97%E8%89%A6%E5%BA%97%EF%BC%89_IMAX | https://www.maoyan.com/cinema/23979?_v_=yes&merCode=1000152","独立影院指南和猫眼均确认镇江星轶IMAX影城丁卯吾悦广场旗舰店位于丁卯桥路与经五路交汇处新城吾悦广场4层4021。"
"imax-cn-0145","145","","same entity","codex-browser-review","codex-browser-independent-review","2","https://www.maigoo.com/news/665297.html | https://www.nsi.edu.cn/_upload/article/files/1c/f7/f00d849c49c5b462e1e7a058a428/bb2a0eac-3198-4301-baad-59576caac662.pdf","南通万达影院名单和公开影院名录均把港闸万达广场店定位到深南路9号万达广场4层；港闸旧行政称呼与当前崇川名称为同一地点变更。"
"imax-cn-0175","175","","same entity","codex-browser-review","codex-browser-independent-review","3","https://www.wanda.cn/2015/2015latest_1016/32111.html | https://www.ruyifilm.com/gywm/yclb/hndq/gds/0df29c4e965d11e982dc005056835733.html | https://www.maigoo.com/news/683445.html","万达官网IMAX挂幕报道、儒意电影资料和独立影院名单均确认厚街店在康乐北路6号厚街万达广场4层，排除厚街万科城市广场店。"
"imax-cn-0186","186","","same entity","codex-browser-review","codex-browser-independent-review","3","https://www.sohu.com/a/1003074983_121123774 | https://www.yga.cn/mall/67.html | https://cinema.gaoliang.me/cinema/%E5%B9%BF%E5%B7%9E%E7%99%BE%E4%B8%BD%E5%AE%AB%E5%BD%B1%E5%9F%8E%EF%BC%88IMAX%E7%8C%8E%E5%BE%B7igc%E5%BA%97%EF%BC%89_IMAX","百老汇影展公开页面、商场资料和独立影院指南均确认猎德igc店位于兴民路222号天汇广场igc四层416；天环店是另一分店，已排除。"
"imax-cn-0188","188","","same entity","codex-browser-review","codex-browser-independent-review","3","https://media.corporate-ir.net/media_files/IROL/25/254079/2016/%E6%96%B0%E9%97%BB%E7%A8%BF-IMAX%E4%B8%AD%E5%9B%BD%E6%90%BA%E6%89%8B%E9%87%91%E逸步%E5%85%A5400%E5%B9%95%E6%97%B6%E4%BB%A3%20%E5%B0%86%E5%8A%A9%E5%8D%8E%E5%8D%97%E8%99%8E%E5%93%81%E7%89%8C%E5%8D%87%E7%BA%A7.pdf | https://cinema.gaoliang.me/cinema/%E5%B9%BF%E5%B7%9E%E9%87%91%E9%80%B8%E5%BD%B1%E5%9F%8E%EF%BC%88%E5%85%89%E7%BE%8E%E6%B2%99%E6%B9%BEIMAX%E5%BA%97%EF%BC%89_IMAX | https://www.maigoo.com/news/665446.html","IMAX中国官方新闻稿和独立影院指南均确认广州金逸光美沙湾IMAX店/番禺沙湾IMAX店位于荔园新天地3层C15；公开票务资料偶有1502号与AMap 1520号门牌差异，但分店名称、商场、楼层和IMAX厅完全一致，采用AMap分店坐标。"
"imax-cn-0199","199","","same entity","codex-browser-review","codex-browser-independent-review","3","https://www.yingcai520.com/MobileToPages.jy/toCinemaDetail?cinemaId=116762 | https://gz.esf.fang.com/loupan/shop/2811209728/housedetail.htm | https://crm.htsc.com.cn/pdf_finchina/CNSESZ_STOCK/2019/2019-10/2019-10-25/5701576.pdf","独立影院售票页、广州融创茂项目资料和万达公司披露均确认花都融创茂店位于凤凰北路63号融创茂购物中心3层并设IMAX。"
"imax-cn-0210","210","","same entity","codex-browser-review","codex-browser-independent-review","3","https://www.conghua.gov.cn/zwgk/zwwgk/fwgk/content/post_9916899.html | https://cinema.gaoliang.me/cinema/%E5%B9%BF%E5%B7%9E%E9%87%91%E9%80%B8%E5%BD%B1%E5%9F%8E%EF%BC%88%E4%BB%8E%E5%8C%96%E8%BF%9C%E8%BE%BE%E6%B1%87%E8%81%9AIMAX%E5%BA%97%EF%BC%89_IMAX | https://www.maigoo.com/news/665446.html","从化区政府审批公示、独立影院指南和影院票务页面均确认金逸从化远达汇聚IMAX店在从城大道107号远达汇聚4层，排除海乐荟和海珠城候选。"
"imax-cn-0221","221","","same entity","codex-browser-review","codex-browser-independent-review","2","https://cinema.gaoliang.me/cinema/%E6%B7%B1%E5%9C%B3%E4%B8%87%E8%BE%BE%E5%BD%B1%E5%9F%8E%EF%BC%88%E7%9B%90%E7%94%B0%E5%A3%B9%E6%B5%B7%E5%9F%8E%E5%BA%97%EF%BC%89_IMAX | https://www.guandian.cn/article/20181121/210564.html","独立影院指南和万科商业项目资料共同确认盐田壹海城/壹海城·ONE MALL内万达影城位于海景二路万科ONEMALL 3层；壹海城品牌名与当前AMap项目名为同一商业体。"
"imax-cn-0236","236","","same entity","codex-browser-review","codex-browser-independent-review","3","https://www.wanda.cn/2013/2013latest_1121/25788.html | https://wjw.sz.gov.cn/attachment/1/1708/1708618/12756247.pdf | https://m.wandacinemas.com/memberrights","万达官网历史报道、深圳市卫生许可名录和万达官方门店页共同确认海雅广场店位于建安一路99号海雅广场/海雅缤纷城4层；海雅广场与海雅缤纷城是同一商业体的旧称/现名。拒绝坪山、光明等候选。"
"imax-cn-0248","248","","same entity","codex-browser-review","codex-browser-independent-review","1","https://maps.apple.com/place?auid=1118368695428894&lsp=57879","Apple Maps独立地点页确认佛山万达影城悦汇广场店在南海大道北81号悦汇广场南海A区5层；与AMap候选完全一致，排除佛山南海万达和南海万科广场分店。"
"imax-cn-0264","264","","same entity","codex-browser-review","codex-browser-independent-review","1","https://www.qingcheng.gov.cn/qyqcwgdltj/attachment/0/10/10458/1167235.pdf","清城区政府资料确认清远清城万达广场引进万达影城；公开地图候选的湖西路89号、清城区与原始清城万达广场店一致。"
"imax-cn-0274","274","","same entity","codex-browser-review","codex-browser-independent-review","2","https://www.maigoo.com/citiao/985903.html | https://creditcard.ecitic.com/source/zh/userpage/youhui/120401/sh/dq.pdf","公开影院资料将重庆万达影城巴南店锁定在渝南大道297号巴南万达广场4层，与AMap候选、城市和原始分店名完全一致。"
"imax-cn-0300","300","","same entity","codex-browser-review","codex-browser-independent-review","2","https://maps.apple.com/place?_provider=57879&address=Wanfeng+Road+No.68+Courtyard+INZONE+Harmony+Floor+5F+501%2C+Fengtai%2C+Beijing+China&coordinate=39.882569%2C116.296522&name=Hengye+International+Studios+%28Beijing+Liuliqiao+IMAX+Branch%29&place-id=H2710I3F926806A393C | https://m.dongfangfuli.com/cinema/detail/4745?city=222","Apple Maps和影院票务资料均将北京六里桥恒业影城定位在丰台区万丰路68号银座和谐广场5层；与AMap候选一致。"
"imax-cn-0318","318","","same entity","codex-browser-review","codex-browser-independent-review","2","https://cinema.gaoliang.me/cinema/%E5%8C%97%E4%BA%AC%E5%8D%9A%E7%BA%B3%E5%9B%BD%E9%99%85%E5%BD%B1%E5%9F%8E%EF%BC%88%E6%9C%9D%E9%98%B3%E5%8C%97%E8%8B%91%E5%BA%97%EF%BC%89_IMAX | https://m.winshang.com/news715140.html","独立影院指南把历史/原始名“朝阳北苑店”对应到北苑东路19号龙湖北京北苑天街5层；龙湖商业资料也确认该项目引进博纳国际影城。拒绝太阳宫和悠唐等其他北京分店。"
"imax-cn-0319","319","","same entity","codex-browser-review","codex-browser-independent-review","2","https://www.sina.cn/news/detail/5028169936011787.html | https://cinema.gaoliang.me/cinema/%E5%8C%97%E4%BA%AC%E5%AF%B0%E6%98%A0%E5%BD%B1%E5%9F%8E%EF%BC%88%E6%98%8C%E5%B9%B3%E5%90%88%E7%94%9F%E6%B1%87%E5%BA%97%EF%BC%89_CINITY_cinity-8","北京日报、IMAX公开报道和影院指南均确认北京超极合生汇B2层为寰映影城昌平合生汇店；AMap候选名称与地址一致。"
"imax-cn-0321","321","","same entity","codex-browser-review","codex-browser-independent-review","2","https://jinyiyingshi.com.cn/ | https://bj.bendibao.com/news/2020723/277883.shtm","金逸官方及公开影院资料均确认朝阳北路101号朝阳大悦城8层的金逸影城朝阳大悦城店，并设IMAX；AMap坐标和地址一致。"
"imax-cn-0332","332","","same entity","codex-browser-review","codex-browser-independent-review","2","https://www.ruyifilm.com/gywm/yclb/dbdq/lns/0d834485965d11e982dc005056835733.html | https://pic.bankofchina.com/bocappd/appform_1/201412/P020141231511419593148.pdf","万达公开影院名录和儒意影城资料共同确认沈阳北一路店位于北一中路1号万达广场4层并设IMAX；排除沈北、铁西中心等其他分店。"
"imax-cn-0334","334","","same entity","codex-browser-review","codex-browser-independent-review","2","https://www.wandaplazas.com/2017/company_0731/1617.html | https://cinema.gaoliang.me/cinema/%E5%A4%A7%E8%BF%9E%E4%B8%87%E8%BE%BE%E5%BD%B1%E5%9F%8E%EF%BC%88%E6%99%AE%E5%85%B0%E5%BA%97%E4%B8%87%E8%BE%BE%E5%B9%BF%E5%9C%BA%E5%BA%97%EF%BC%89_IMAX","万达官方开业资料确认普兰店万达广场独家引进万达影城；影院指南和影院购票页将其对应到普兰店万达广场3层。"
"imax-cn-0335","335","","same entity","codex-browser-review","codex-browser-independent-review","3","https://cinema.gaoliang.me/cinema/%E5%A4%A7%E8%BF%9E%E4%B8%87%E8%BE%BE%E5%BD%B1%E5%9F%8E%EF%BC%88%E5%BA%84%E6%B2%B3%E4%B8%87%E8%BE%BE%E5%B9%BF%E5%9C%BA%E5%BA%97%EF%BC%89_IMAX | https://m.maigoo.com/news/665300.html | https://www.dlzh.gov.cn/html/newsShow.html?cid=669&id=32932","影院指南、万达影城名录和庄河市政府资料均把庄河店定位在延安路南段918号庄河万达广场3层，排除大连其他万达分店。"
"imax-cn-0347","347","","same entity","codex-browser-review","codex-browser-independent-review","2","https://www.wanda.cn/2016/2016latest_1120/34044.html | https://www.maigoo.com/citiao/1073379.html","万达官方开业报道和商场资料共同确认鲅鱼圈万达广场四层为万达影城，地址为蝴蝶泉路45号；与候选一致。"
"imax-cn-0364","364","","same entity","codex-browser-review","codex-browser-independent-review","2","https://cinema.gaoliang.me/cinema/%E6%9B%B2%E9%9D%96%E4%B8%87%E8%BE%BE%E5%BD%B1%E5%9F%8E%EF%BC%88%E7%BB%8F%E5%BC%80%E4%B8%87%E8%BE%BE%E5%B9%BF%E5%9C%BA%E5%BA%97%EF%BC%89_IMAX | https://m.wandacinemas.com/memberrights","影院指南和万达官方门店页均确认曲靖经开万达广场店位于学府路361号曲靖万达广场；选择经开店而非218广场或白泥坡候选。"
"imax-cn-0367","367","","same entity","codex-browser-review","codex-browser-independent-review","2","https://www.livat.cn/zh-cn/wuhan | https://m.dongfangfuli.com/cinema/detail/2436?city=67","荟聚官方项目页确认主力商户包含金逸影城；东方福利网把光美荟聚IMAX店锁定在荟聚购物中心4层，名称差异是门店简称。"
"imax-cn-0396","396","","same entity","codex-browser-review","codex-browser-independent-review","2","https://cinema.gaoliang.me/cinema/%E9%95%BF%E6%B2%99%E4%B8%87%E8%BE%BE%E5%BD%B1%E5%9F%8E%EF%BC%88%E5%BC%80%E7%A6%8F%E4%B8%87%E8%BE%BE%E5%B9%BF%E5%9C%BAIMAX%E5%BA%97%EF%BC%89_IMAX | https://www.ruyifilm.com/gywm/yclb/hzdq/huns/0d644812965d11e982dc005056835733.html","长沙开福万达影城的公开影院指南、儒意影城资料和影院目录均确认湘江中路589号开福万达广场5层并设IMAX；此处与886的CGV串店问题无关。"
"imax-cn-0398","398","","same entity","codex-browser-review","codex-browser-independent-review","2","https://zhengxin-pub.cdn.bcebos.com/tender/61728290c4aa0be3437aebb1d7fe1d09/%EF%BC%88%E5%B7%B2%E5%8E%8B%E7%BC%A9%EF%BC%89%E5%B8%B8%E5%BE%B7%E6%B4%A5%E5%B8%82.pdf | https://jt.dushiquan.net/changsha/station_5812/zb/7.html","公开影院名录和城市影院目录均将长沙梅溪湖步步高IMAX店对应到金星中路428号步步高商业广场9层；拒绝开福万达和步步高梅溪新天地候选。"
"imax-cn-0422","422","","same entity","codex-browser-review","codex-browser-independent-review","2","https://zhuanti.cnjiwang.com/dyxw/dyxw_tplm/ztlm_dyxw_wzxhccdyy/201801/2571883.html | https://www.maigoo.com/news/664914.html","长春万达历史影院名录和中国吉林网均确认欧亚大卖场店位于开运街5178号欧亚卖场20号门/4层；15号门是同一卖场入口字段差异。"
"imax-cn-0428","428","","same entity","codex-browser-review","codex-browser-independent-review","2","https://jl.ifeng.com/c/8BvyxsSCHSs | https://m.wandacinemas.com/memberrights","长春电影节公开影城名单明确列出栖乐荟广场店及博文路与学府街交汇处栖乐荟购物广场3楼；万达官方门店页也列出该分店。"
"imax-cn-0430","430","","same entity","codex-browser-review","codex-browser-independent-review","2","https://jl.ifeng.com/c/8BvyxsSCHSs | https://cc.bendibao.com/wangdian/canyinmeishi/list83.htm","长春电影节影城名单确认钜城华億广场店及华惠路与泰兴街交汇处位置；独立公共目录也列出该影院，和AMap候选同一商业体。"
"imax-cn-0435","435","","same entity","codex-browser-review","codex-browser-independent-review","2","https://m.dongfangfuli.com/cinema/detail/11790?city=242 | https://m.wandacinemas.com/memberrights","主动拒绝AMap第一候选四平万达广场店。东方福利网明确把“颐高产业园店”写为志城中央广场三楼，正对应B0FFKKS11G；这是同城分店纠偏，不是四平万达广场店。"
"imax-cn-0469","469","","same entity","codex-browser-review","codex-browser-independent-review","2","https://maps.apple.com/place?auid=1118368752310288&lsp=57879 | https://qingdao.dzwww.com/qingdaonews/202008/t20200815_6420169.htm","Apple Maps与青岛公共资料均确认吾悦广场旗舰店位于滨海大道2888号新城吾悦广场6层；AMap候选完全一致。"
"imax-cn-0478","478","","same entity","codex-browser-review","codex-browser-independent-review","2","https://cinema.gaoliang.me/cinema/%E7%83%9F%E5%8F%B0%E5%B9%B8%E7%A6%8F%E8%93%9D%E6%B5%B7%E5%9B%BD%E9%99%85%E5%BD%B1%E5%9F%8E%EF%BC%88IMAX%E5%BA%97%EF%BC%89_IMAX | https://www.maigoo.com/citiao/1049563.html","公开影院指南和烟台影院资料均确认幸福蓝海烟台IMAX店就是大悦城店，位于芝罘区北马路150号大悦城4层；排除嘉禾乐天和龙口候选。"
"imax-cn-0527","527","","same entity","codex-browser-review","codex-browser-independent-review","2","https://m.dongfangfuli.com/cinema/detail/1479?city=178 | https://www.maigoo.com/news/665720.html","公开票务资料直接把“杭州下沙IMAX店”定位到金沙大道560号龙湖杭州金沙天街5层；AMap当前名称为上影影城龙湖杭州金沙天街，拒绝余之城和高德置地候选。"
"imax-cn-0548","548","","same entity","codex-browser-review","codex-browser-independent-review","2","https://m.dongfangfuli.com/cinema/detail/8253?city=179 | https://zjjcmspublic.oss-cn-hangzhou-zwynet-d01-a.internet.cloud.zj.gov.cn/jcms_files/jcms1/web3428/site/attach/0/P020171117363004559817.pdf","东方福利网锁定宁波吾悦广场旗舰店为永茂西路999号新城吾悦广场4010，政府开业资料也确认该项目引进星轶IMAX影城；与AMap候选一致。"
"imax-cn-0577","577","","same entity","codex-browser-review","codex-browser-independent-review","1","https://m.dongfangfuli.com/cinema/detail/11212?city=234","东方福利网明确列出神画影城IMAX虹桥店，地址为乐清市虹桥镇飞虹南路555号天元广场4F；与AMap候选分店、商场和地址一致。"
"imax-cn-0579","579","","same entity","codex-browser-review","codex-browser-independent-review","2","https://cinema.gaoliang.me/cinema/%E5%8F%B0%E5%B7%9E%E4%B8%87%E8%BE%BE%E5%BD%B1%E5%9F%8E%EF%BC%88%E4%B8%AD%E7%9B%9B%E5%B9%BF%E5%9C%BA%E5%BA%97%EF%BC%89_IMAX | https://www.ruyifilm.com/gywm/yclb/hddq/zjs/0e2af826965d11e982dc005056835733.html","影院指南和儒意影城资料均确认台州万达影城中盛广场店位于路桥区中盛城市广场、银座街488号，并设IMAX；排除黄岩天佑城和玉环候选。"
"imax-cn-0582","582","","same entity","codex-browser-review","codex-browser-independent-review","2","https://m.linkshop.com/article/news/380130 | https://www.maigoo.com/citiao/1087314.html","吾悦广场开业报道和商业资料均确认衢州新城吾悦广场引进星轶国际影城IMAX，地址为白云中大道99号；AMap候选为同一旗舰店。"
"imax-cn-0584","584","","same entity","codex-browser-review","codex-browser-independent-review","3","https://www.polyfilm.cn/ProductInfoCategory?PageInfoId=0&categoryId=808476 | https://www.maoyan.com/cinema/27767 | https://m.dongfangfuli.com/cinema/list?city=187","保利官方影城页和猫眼均保留“舟山绿城长峙IMAX店”历史名称；AMap当前“绿城·梧桐园店”位于同一长峙岛如心广场818号，属于同一保利影院地点的商业/项目名称更新，不是停车场候选。"
"imax-cn-0586","586","","same entity","codex-browser-review","codex-browser-independent-review","2","https://maps.apple.com/place?_provider=57879&place-id=H2710I3F92680B8F1FC | https://www.chahaoba.com/029-68294999","Apple Maps、公开地址目录和老城根项目资料均确认开顿IMAX影城位于星火路22号老城根G PARK商业街3层；AMap候选名称是同一门店的简称变体。"
"imax-cn-0608","608","","same entity","codex-browser-review","codex-browser-independent-review","2","https://m.dongfangfuli.com/cinema/detail/13455?city=214 | https://www.capitaland.com/cn/zh/shop/malls-listing/yuquan-mall.html","东方福利网直接使用原始“凯德诺和木勒店”名称并给出鄂尔多斯大街金宇新天地A座凯德广场诺和木勒6层；凯德官方确认该商业项目。"
"imax-cn-0609","609","","same entity","codex-browser-review","codex-browser-independent-review","2","https://cinema.gaoliang.me/cinema/%E5%8C%85%E5%A4%B4%E4%B8%87%E8%BE%BE%E5%BD%B1%E5%9F%8E%EF%BC%88%E9%9D%92%E5%B1%B1%E4%B8%87%E8%BE%BE%E5%B9%BF%E5%9C%BA%E5%BA%97%EF%BC%89_IMAX | https://pic.bankofchina.com/bocappd/appform_1/201509/P020150924529221572419.pdf","影院指南和公开万达影院名录均确认包头青山店位于青年路26号万达广场4层；排除九原万达和正翔湾分店。"
"imax-cn-0618","618","","same entity","codex-browser-review","codex-browser-independent-review","2","https://www.maigoo.com/citiao/1222774.html | https://www.amap.com/place/B0G0TGDL1R","中海环宇城项目资料确认兰州安宁中海环宇城地址及万达影城业态；AMap候选给出同一蓝科路8号商业体F4影院。城市、区县、品牌和商场关系闭环。"
"imax-cn-0639","639","","same entity","codex-browser-review","codex-browser-independent-review","1","https://www.shimaogroup.com/smlist/wap_view.php?aid=255","世茂官方项目页确认演武西路182号厦门世茂国际广场裙楼5-6层的万达海景影城；与原始世茂海峡广场旧称、城市和思明区位置一致。"
"imax-cn-0655","655","","same entity","codex-browser-review","codex-browser-independent-review","2","https://cinema.gaoliang.me/cinema/%E6%BC%B3%E5%B7%9E%E4%B8%87%E8%BE%BE%E5%BD%B1%E5%9F%8E%EF%BC%88%E5%8F%B0%E5%95%86%E5%8C%BA%E4%B8%87%E8%BE%BE%E5%B9%BF%E5%9C%BA%E5%BA%97%EF%BC%89_IMAX | https://czt.fujian.gov.cn/zwgk/czzj/202409/P020240920655618142177.pdf","影院指南和福建省公开电影场所资料均将台商区万达店定位到角美万达广场4层；AMap候选为同一台商万达店。"
"imax-cn-0682","682","","same entity","codex-browser-review","codex-browser-independent-review","2","https://m.dongfangfuli.com/cinema/detail/879?city=57&date=2021-04-09&movie_id=2670 | https://jt.dushiquan.net/chengdu/station_2978/zb/7.html","东方福利网和成都公共影院目录均确认影立方773IMAX位于建设南支路4号东郊记忆/原东区音乐公园；AMap候选名称与地址一致。"
"imax-cn-0693","693","","same entity","codex-browser-review","codex-browser-independent-review","2","https://www.maigoo.com/news/664673.html | https://m.cd.bendibao.com/xiuxian/117867.shtm","成都万达影城名录及成都市公开放映名单均确认四六八广场店位于喜树街35号伊藤广场6层；AMap候选虽使用大融城项目名，但地址和同一商业体关系一致。"
"imax-cn-0696","696","","same entity","codex-browser-review","codex-browser-independent-review","2","https://www.shimaogroup.com/smlist/wap_view.php?aid=2517 | https://jt.dushiquan.net/chengdu/station_2802/zb/7.html","世茂官方资料确认成都世茂广场位于龙泉驿区并引入寰映影城；AMap候选明确为成都世茂广场店、驿都西路3338号F5，独立影院目录也给出同一分店。"
"imax-cn-0698","698","","same entity","codex-browser-review","codex-browser-independent-review","2","https://cinema.gaoliang.me/cinema/%E6%88%90%E9%83%BD%E5%AF%B0%E6%98%A0%E5%BD%B1%E5%9F%8E%EF%BC%88%E5%A4%A7%E9%AD%94%E6%96%B9%E5%B9%BF%E5%9C%BA%E5%BA%97%EF%BC%89_IMAX | https://m.maigoo.com/news/681984.html","影院指南和商业资料均将成都寰映大魔方广场店定位到天府大道北段1777号成都大魔方招商花园城B馆6层；AMap候选一致。"
"imax-cn-0709","709","成都中影紫荆国际影城IMAX（锦宸天街店）","same mall/venue only","codex-browser-review","codex-browser-independent-review","2","https://www.sina.cn/news/detail/5323486667212580.html | https://www.amap.com/place/B0HUTU007C","公开资料确认中影紫荆IMAX进入龙湖成都锦宸天街项目，但未提供可安全绑定的当前影院POI；仅物化锦宸天街venue-level。坐标作为商业体位置锚点，不推定当前影院营业状态，不绑定同址其他影院。"
"imax-cn-0720","720","","same entity","codex-browser-review","codex-browser-independent-review","2","https://www.maoyan.com/cinema/15857 | https://www.sohu.com/a/872339272_122063683","猫眼/影院公开资料均将资阳万达影城定位到娇子大道120号万达广场资阳店F4；AMap候选为同一分店。"
"imax-cn-0732","732","","same entity","codex-browser-review","codex-browser-independent-review","2","https://www.maigoo.com/news/664892.html | https://www.sohu.com/a/359158966_374785","南昌万达影院名录和公开放映资料均确认八一大道333号万达广场4层的八一店；AMap候选一致。"
"imax-cn-0733","733","","same entity","codex-browser-review","codex-browser-independent-review","2","https://www.maigoo.com/news/664892.html | https://you.ctrip.com/sight/nanchang175/4643023.html","南昌万达名录和文旅项目资料确认原万达文化旅游城店对应融创茂、九龙湖南龙蟠街666号；AMap候选融创茂店是同一商业体更名后的影院。"
"imax-cn-0734","734","","same entity","codex-browser-review","codex-browser-independent-review","2","https://m.dongfangfuli.com/cinema/detail/6401?city=30 | https://nchdz.nc.gov.cn/ncgxq/xxyl/202206/eb85e803ce4f4ccda7af1bd287e87187.shtml","东方福利网和南昌高新区政府公开资料均确认星轶IMAX青山湖吾悦广场店位于京东大道与东元路交汇处吾悦广场4层；AMap候选一致。"
"imax-cn-0740","740","","same entity","codex-browser-review","codex-browser-independent-review","1","https://m.sohu.com/a/915015682_121123915","赣州商业项目资料确认原巨亿广场改名为巨亿万达并引入万达影城；与原始经开万达店及AMap八一四大道巨亿万达候选一致。"
"imax-cn-0765","765","","same entity","codex-browser-review","codex-browser-independent-review","2","https://www.maigoo.com/citiao/986038.html | https://www.amap.com/place/B0FFG7HGEX","桂林影院资料将七星万达店定位到穿山东路43号高新万达广场5层；AMap候选名称为桂林高新万达广场店，城市、区县和商业体一致。"
"imax-cn-0776","776","","same entity","codex-browser-review","codex-browser-independent-review","2","https://cinema.gaoliang.me/cinema/%E6%B5%B7%E5%8F%A3%E6%98%9F%E8%BD%B6IMAX%E5%BD%B1%E5%9F%8E%EF%BC%88%E9%BE%99%E5%8D%8E%E5%90%BE%E6%82%A6%E5%B9%BF%E5%9C%BA%E6%97%97%E8%88%B0%E5%BA%97%EF%BC%89_IMAX | https://www.maoyan.com/cinema/16387","影院指南、猫眼和东方福利网均确认海口星轶IMAX吾悦广场旗舰店；AMap候选地址为吾悦广场2号门4楼。"
"imax-cn-0811","811","沈阳金逸影城（龙之梦店）","acceptedHistoricalLocation","codex-browser-review","codex-browser-independent-review","3","https://sy.bendibao.com/xiuxian/2016418/46827.shtm | https://news.cntv.cn/20120428/125514.shtml | https://m.dongfangfuli.com/cinema/detail/1505?city=194","历史资料将金逸龙之梦店锁定在滂江街26号龙之梦小商品大世界7层；当前鑫逸影城仅作为同址位置锚点，不等同原金逸实体。拒绝滂江街22号龙之梦海之心影城。"
"imax-cn-0812","812","广州泛洋国际影城","acceptedHistoricalLocation","codex-browser-review","codex-browser-independent-review","3","https://www.zjfae.com/html/yx.pdf | https://www.job5156.com/comp/1232004 | https://www.amap.com/place/B0FFGO9RKH","独立旧影院名录和企业资料共同确认泛洋国际影城位于德兴路80号/清河东路203号汇珑新天地5楼；现华丰汇同址影院仅作为位置锚点，不等同泛洋实体。拒绝星寰、北京路和新塘候选。"
"imax-cn-0820","820","佛山越界思哲影城（三水新动力店）","same mall/venue only","codex-browser-review","codex-browser-independent-review","3","https://m.dongfangfuli.com/cinema/detail/6988?city=5 | https://pc.nfnews.com/5026/3800148.html | https://www.amap.com/place/B0IBO7ISIV","东方福利网、南方日报系资料和开业资料均锁定历史越界思哲影城在新动力广场3楼；当前新动力影城只提供同址建筑位置参考，不绑定其影院POI，不把后续运营方写成原越界。"
"imax-cn-0833","833","长沙CGV影城（星沙店）","acceptedHistoricalLocation","codex-browser-review","codex-browser-independent-review","3","https://www.peoplepower.net.cn/2019/06/29/533/ | https://xingshashibao.icswb.com/h/101691/20200722/638975.html | https://www.amap.com/place/B0J6MDFAFP","历史媒体和影院资料明确CGV星沙店位于凤凰城四期万象汇3楼；当前幸福蓝海是同址后续运营方，仅作为位置锚点，AMap候选不接受为CGV same entity。"
"imax-cn-0841","841","天津农垦博纳国际影城（津奥广场店）","same entity","codex-browser-review","codex-browser-independent-review","2","https://www.amap.com/place/B001612U2K | https://www.zjfae.com/html/yx.pdf","主动纠正队列第一候选凯德MALL天津湾。AMap公开页面直接给出正确的天津农垦博纳津奥广场店；旧影院名录也将农垦博纳定位在天津体育中心B馆，完成城市、场馆和分店闭环。"
"imax-cn-0843","843","贵阳星美国际影城（花果园店）","acceptedHistoricalLocation","codex-browser-review","codex-browser-independent-review","3","https://www.gffunds.com.cn/html/mail/dyy.html | https://m.focus.cn/gy/zixun/290eb70f4c2c3bf9.html | https://ditu.amap.com/place/B03530QB54","星美官方/行业资料将花果园店定位在花果园购物中心一层；公开报道确认2019年合同终止、2021年由中影南方接替。使用购物中心作为历史位置锚点，不绑定鸿通城、世纪新天地或砂之船分店，也不把后续运营方写成星美。"
"imax-cn-0847","847","成都CGV影城（龙泉驿店）","same mall/venue only","codex-browser-review","codex-browser-independent-review","3","https://jt.dushiquan.net/chengdu/station_2807/zb/7.html | https://www.10100.com/article/21929915 | https://www.scrzhc.com/page91?article_id=3672","独立影院目录、活动资料和项目资料共同确认CGV龙泉店在驿都汇、驿都中路898号F4；当前AMap未召回可靠CGV影院POI。仅物化驿都汇venue-level，坐标作同址建筑锚点，不写入同址非影院租户POI，也不推定当前运营方。"
"imax-cn-0850","850","郑州CGV影城（高新店）","same mall/venue only","codex-browser-review","codex-browser-independent-review","2","https://www.ccb.com/cn/html1/branch/js/subject/17/0824lzf/list_cgv.html | https://www.amap.com/place/B0FFF90RJO","中国建设银行公开CGV合作影城资料明确高新店地址为金梭路33号高新数码港二期4层；当前AMap没有可靠影院POI，使用高新数码港项目venue-level，不绑定大卫城、正弘城或信万广场分店。"
"imax-cn-0865","865","上海上影虹桥临空国际影城","same mall/venue only","codex-browser-review","codex-browser-independent-review","2","https://www.shhqcbd.gov.cn/ywdt/mtjj/496046832840773.html | https://m.dongfangfuli.com/cinema/detail/3630?city=145","政府资料和影院页面共同确认上影虹桥临空国际影城在金钟路968号天会广场B1并设IMAX。AMap最佳候选B0FFGHFXVC是同一综合体15号楼的天山电影院，属于不同影院，拒绝其影院身份；这里只物化天会广场venue-level，坐标作项目锚点。"
"imax-cn-0866","866","","same entity","codex-browser-review","codex-browser-independent-review","2","https://ditu.amap.com/place/B001506036 | https://m.dongfangfuli.com/cinema/detail/185?city=145","和平影都官方/公开影院页面均确认西藏中路290号来福士广场2-6层；接受位置实体，不对原始“改成普通影厅”备注之外的当前放映状态作额外推断。"
"imax-cn-0875","875","南宁万达影城（嘉佑城店）","acceptedHistoricalLocation","codex-browser-review","codex-browser-independent-review","3","https://m.maigoo.com/news/664836.html | https://www.sina.cn/news/detail/5326806951662498.html | https://nn.zp365.com/News/Info/514080","公开资料将嘉佑城店锁定到明秀东路178号江宇世纪城一期四楼，并确认江宇世纪城更名嘉佑城；2026-07-31公开报道确认该店闭店。AMap候选仅作为历史位置锚点，不表示当前连续营业。"
"imax-cn-0901","901","","same entity","codex-browser-review","codex-browser-independent-review","3","https://cinema.gaoliang.me/cinema/%E6%99%8B%E4%B8%AD%E5%8D%8E%E8%B0%8A%E5%85%84%E5%BC%9F%E5%BD%B1%E9%99%A2%EF%BC%88%E5%A5%A5%E8%8E%B1%E5%BA%97%EF%BC%89_IMAX | https://money.finance.sina.com.cn/corp/view/vCB_AllBulletinDetail.php?id=12271294&stockid=300027 | https://ditu.amap.com/place/B0FFICVND1","公开影院资料、华谊兄弟年度披露和AMap均将晋中华谊兄弟影院奥莱店锁定到榆次区龙湖街1055号天美杉杉奥特莱斯3层；接受该精确影院候选。"
"imax-cn-0079","79","新北新店裕隆城威秀影城","same mall/venue only","codex-browser-review","codex-browser-independent-review","3","https://www.vscinemas.com.tw/theater/detail.aspx?id=28 | https://www.vscinemas.com.tw/brand/theaterList.aspx?A=2 | https://www.chunglin.com.tw/index.php?f=content&mn=1&module=product&tid=233628","威秀官方确认新店裕隆城店及IMAX Laser，独立项目资料给出裕隆城基准坐标。现有AMap候选是江苏常州无关餐饮POI，拒绝；只物化裕隆城venue-level，不伪造影院POI。"
"imax-cn-0283","283","","same entity","codex-browser-review","codex-browser-independent-review","3","https://m.winshang.com/xm29407.html | https://www.maigoo.com/news/663911.html | https://ditu.amap.com/place/B0FFKLCM2M","HMC华茂中心官方招商资料及公开影院名单均确认永川昌州大道东段789号华茂国际中心C馆影院；AMap候选名称和地址完全对应，虽分类被误标为一般场所，仍接受精确影院实体。"
"imax-cn-0299","299","","same entity","codex-browser-review","codex-browser-independent-review","3","https://cinema.gaoliang.me/cinema/%E5%8C%97%E4%BAACSFC%E4%B8%8A%E5%BD%B1%E5%BD%B1%E5%9F%8E%EF%BC%88%E5%A4%A7%E5%85%B4%E9%BE%99%E6%B9%96%E5%BA%97%EF%BC%89_IMAX | https://www.bjdyj.gov.cn/zwxx/tzgg/654391b25f4646179bafdfb917b96c5f/461d8cedc35c447e86193b133cee479c.pdf | https://pdf.dfcfw.com/pdf/H2_AN201608030016905484_1.pdf","北京电影行政资料以SFC上影北京大兴龙湖店列出该影院，影院指南给出永兴路7号院1号楼龙湖北京大兴天街L3层Z2；接受AMap对应的现行影院POI。"
"imax-cn-0372","372","","same entity","codex-browser-review","codex-browser-independent-review","2","https://www.maigoo.com/news/683432.html | https://ditu.amap.com/place/B0G2NR3HJ7","独立武汉IMAX影院名单将金银湖万达店锁定到金山大道1239号万达广场4层；AMap候选名称、城市、分店和地址对应，仅分类字段异常，接受精确影院实体。"
"imax-cn-0383","383","武汉金逸影城（销品茂IMAX店）","same mall/venue only","codex-browser-review","codex-browser-independent-review","3","https://cinema.gaoliang.me/cinema/%E6%AD%A6%E6%B1%89%E9%87%91%E9%80%B8%E5%BD%B1%E5%9F%8E%EF%BC%88%E9%94%80%E5%93%81%E8%8C%82IMAX%E5%BA%97%EF%BC%89_IMAX | https://m.dongfangfuli.com/cinema/detail/1334?city=67 | https://www.maigoo.com/news/683432.html","公开影院指南、东方福利网和武汉IMAX名单均确认销品茂5楼金逸IMAX。当前AMap只召回同一大厅内的共享台球租户，未将租户POI写成影院；坐标仅作销品茂venue-level锚点。"
"imax-cn-0418","418","","same entity","codex-browser-review","codex-browser-independent-review","3","https://m.hy.bendibao.com/xiuxian/1743.shtm | https://movie.douban.com/cinema/search/hengyang/ | https://www.amap.com/place/B0LURH46DZ","衡阳本地公开资料和影院目录均确认中心城金逸位于解放大道21号华新步步高广场4楼并设IMAX；AMap候选名称和地址精确对应，分类字段异常不影响实体识别。"
"imax-cn-0537","537","","same entity","codex-browser-review","codex-browser-independent-review","2","https://www.bonafilm.cn/cinema_del/26.html | https://ditu.amap.com/place/B0H397TCRC","博纳官网确认杭州丁桥龙湖IMAX店位于丁城路515号龙湖天街5楼；AMap候选为同一分店，接受精确影院实体。"
"imax-cn-0624","624","","same entity","codex-browser-review","codex-browser-independent-review","3","https://m.ty.bendibao.com/wangdian/dian/5887888.shtm | https://ranks.amap.com/ranking/3D%E5%BD%B1%E9%99%A2/%E5%A4%AA%E5%8E%9F%E5%B8%82%E7%AC%AC%E5%8D%81%E4%BA%8C%E4%B8%AD%E5%AD%A6/%E7%99%BD%E9%A2%86 | https://ditu.amap.com/place/B0FFG5AN0M","太原本地公开影院目录确认太原龙湖万达影城位于解放北路175号万达广场4层；AMap候选名称和地址一致，接受精确影院实体。"
"imax-cn-0754","754","","same entity","codex-browser-review","codex-browser-independent-review","3","https://m.map.360.cn/?city=%E8%B4%B5%E9%98%B3&k=%E8%B4%B5%E5%B7%9E%E7%9C%81%E8%B4%B5%E9%98%B3%E5%B8%82%E4%BA%91%E5%B2%A9%E5%8C%BA%E9%BB%94%E7%81%B5%E9%95%87%E6%96%B0%E6%B7%BB%E5%A4%A7%E9%81%93%E5%8D%97%E6%AE%B5302%E5%8F%B7%E4%B8%87%E8%BE%BE%E5%B9%BF%E5%9C%BA4F&src=bendibao&t=map | https://m.winshang.com/xm54141.html | https://ditu.amap.com/place/B0FFM6UHJ6","云岩万达项目资料锁定新添大道南段302号，公开地图目录列出该地址4F影院；AMap候选名称和地址对应，接受精确分店。"
"imax-cn-0755","755","","same entity","codex-browser-review","codex-browser-independent-review","3","https://m.dongfangfuli.com/cinema/detail/13473?city=188 | https://k.sina.cn/article_3740356007_def14da70200224ey.html | https://www.maigoo.com/news/664880.html","公开票务目录和地方开业资料均确认贵阳数博万达影城位于北京西路66号数博万达F6；AMap候选同名同址，接受精确影院实体。"
"imax-cn-0788","788","","same entity","codex-browser-review","codex-browser-independent-review","3","https://www.sina.cn/news/detail/5183991080026505.html | https://cinema.gaoliang.me/cinema/%E4%B9%8C%E9%B2%81%E6%9C%A8%E9%BD%90%E4%B8%AD%E5%BD%B1%E7%BE%8E%E7%BE%8E%E5%BD%B1%E5%9F%8E%EF%BC%88MM3%E5%BA%97%EF%BC%89_CINITY_cinity-led | https://www.amap.com/place/B0LURU4ZDG","IMAX官方微博转发和影院指南均确认乌鲁木齐中影美美MM3店位于西环北路989号美美3购物中心8楼；AMap候选名称、地址精确对应，分类字段被误标为医疗场所，接受精确影院实体。"
"imax-cn-0791","791","","same entity","codex-browser-review","codex-browser-independent-review","2","https://www.emperorgroup.com/cn/about_us/milestones/ | https://www.amap.com/place/B0I647TJZS","英皇集团官方资料确认澳门葡京人引入澳门首家IMAX影院；AMap候选为英皇戏院澳门葡京人店、地址在葡京人2楼，接受精确影院实体。"
"imax-cn-0197","197","","same entity","codex-browser-review","codex-browser-independent-review","2","https://yinmuxy.com/cities/guangzhou | https://www.amap.com/place/B0HB4A9FMR","广州影院公开目录列出广州万达影城天河智慧城广百广场店IMAX；AMap候选为同名同址影院，接受精确实体。"
"imax-cn-0432","432","吉林万达影城（欧亚广场店）","same mall/venue only","codex-browser-review","codex-browser-independent-review","3","https://m.wandacinemas.com/memberrights | https://pic.bankofchina.com/bocappd/appform_1/201509/P020150924529221572419.pdf | https://mapcarta.com/W1418367056","万达官方门店权益页和银行官方旧影院名单均确认吉林欧亚店在吉林大街1-2号欧亚城市综合体；现有AMap候选全部是吉林昌邑万达或长春分店，全部拒绝。使用欧亚项目的venue-level坐标，不绑定无关影院POI。"
"imax-cn-0052","52","哈尔滨万达影城（悦荟广场店）","same mall/venue only","codex-browser-review","codex-browser-independent-review","4","https://m.wandacinemas.com/memberrights | https://www.ruyifilm.com/gywm/yclb/dbdq/hljs/0d73518a965d11e982dc005056835733.html | https://pic.bankofchina.com/bocappd/appform_1/201509/P020150924529221572419.pdf | https://m.city8.com/haerbin/shopping/8idcku87gue3bae7f4","万达官方、如意影城资料和银行官方旧名单均确认中央大街232号悦荟/原万达商业广场3层影院。当前AMap只召回同一商场内的游戏租户，未将其POI写成影院；坐标仅作悦荟广场venue-level锚点。"
"imax-cn-0074","74","桃園美麗新台茂影城","same mall/venue only","codex-browser-review","codex-browser-independent-review","3","https://www.miranewcinemas.com/AboutUs/Index?type=taimall_royal | https://media.taiwan.net.tw/zh-tw/portal/travel/details/attraction_376430000a_000186 | https://travel.tycg.gov.tw/zh-tw/consume/detail/1853","美麗新官方确认台茂影城位于南崁路一段112號7樓，桃園官方开放资料确认台茂项目坐标。AMap候选均为大陆无关地点，按台茂venue-level物化，不绑定商场内其他商户。"
"imax-cn-0098","98","南京海上明珠国际影城（雨花客厅店）","same mall/venue only","codex-browser-review","codex-browser-independent-review","3","https://www.hsmz.com/introduce/show-12.html | https://www.maigoo.com/citiao/1082197.html | https://ditu.amap.com/place/B0FFGK62W9","海上明珠官方和独立影院资料确认雨花客厅E-PARK北区3层的影院位置；AMap只召回同一项目内游戏租户及其他分店，拒绝这些影院身份。B0FFGK62W9仅作为雨花客厅项目venue anchor，不升级为影院POI。"
"imax-cn-0250","250","","same entity","codex-browser-review","codex-browser-independent-review","2","https://ditu.amap.com/place/B0G306FKYP | https://m.focus.cn/fcg/zixun/599605b7759a92b6.html","AMap公开页面给出万达影城北滘美的悦然广场店的精确名称、地址和影院类型；独立项目资料确认美的悦然广场引入万达影城，接受该精确影院候选。"
"imax-cn-0338","338","","same entity","codex-browser-review","codex-browser-independent-review","3","https://cinema.gaoliang.me/cinema/%E5%A4%A7%E8%BF%9E%E4%B8%87%E8%BE%BE%E5%BD%B1%E5%9F%8E%EF%BC%88%E9%87%91%E5%B7%9E%E7%91%9E%E6%A0%A2%E4%B8%AD%E5%BF%83%E5%BA%97%EF%BC%89_IMAX | https://m.dongfangfuli.com/cinema/list?city=195&region_id=1657 | https://www.sohu.com/a/354233615_99965640","公开资料将历史金州瑞栢中心与现栢都荟购物广场确认在胜利路180-184号同一商业体；影院目录锁定万达金州瑞柏/栢都荟店，接受AMap当前同址影院实体。"
"imax-cn-0501","501","合肥博纳国际影城（龙湖天街店）","same mall/venue only","codex-browser-review","codex-browser-independent-review","3","https://www.bonafilm.cn/cinema_del/34.html | https://crrchina.cc/a/bigcompany/2020/0513/339.html | https://ditu.amap.com/place/B0FFIK5ZFY","博纳官网和商业项目资料均确认瑶海龙湖天街5层博纳IMAX。当前AMap候选没有可靠影院POI，B0FFIK5ZFY只作为龙湖合肥瑶海天街venue anchor，不把同址酒店、瑜伽或棋牌租户提升为影院。"
"imax-cn-0560","560","","same entity","codex-browser-review","codex-browser-independent-review","2","https://cinema.gaoliang.me/cinema/%E7%BB%8D%E5%85%B4%E6%98%9F%E8%BD%B6IMAX%E5%BD%B1%E5%9F%8E%EF%BC%88%E5%B5%8A%E5%B7%9E%E5%90%BE%E6%82%A6%E5%B9%BF%E5%9C%BA%E6%97%97%E9%9D%97%E5%BA%97%EF%BC%89_IMAX | https://www.amap.com/place/B0FFIKI9SG","公开IMAX影院指南将绍兴星轶嵊州吾悦广场旗舰店锁定到兴盛街668号嵊州市吾悦广场4F层4019、5001；AMap候选名称和地址对应，分类字段为泛娱乐类别但不构成位置冲突，接受精确影院实体。"
"imax-cn-0594","594","","same entity","codex-browser-review","codex-browser-independent-review","3","https://m.dongfangfuli.com/cinema/detail/11888?city=219 | https://www.dushengyi.com/m/store/shop/introduce/id/6257.html | https://www.maigoo.com/news/664707.html","独立影院目录、票务资料和公开旧名单均确认西安民乐园万达店在解放路111号万达广场4层；AMap候选对应同一分店，接受精确影院实体。"
"imax-cn-0651","651","","same entity","codex-browser-review","codex-browser-independent-review","3","https://www.shimaoco.com/mobile/business.aspx?id=445&type=11 | https://club.shimaogroup.com/pub/newsdetails.aspx?ChannelID=119&MetaDataId=299396 | https://www.amap.com/place/B0FFH9CLNK","世茂官方资料确认石狮世茂摩天城/国际商业广场引入万达影城；公开名称差异属于同一商业体的项目称呼差异，AMap候选为同址影院，接受精确实体。"
"imax-cn-0667","667","","same entity","codex-browser-review","codex-browser-independent-review","3","https://m.dongfangfuli.com/cinema/detail/12258?city=131 | https://www.sohu.com/a/323828451_726350 | https://www.amap.com/place/B0FFL886MK","东方福利网和公开开业资料均将郑州高新大学城IMAX店定位到朗悦新悦荟/长椿路216号新悦荟4层；AMap候选是同城同品牌正确分店，接受精确影院实体。"
"imax-cn-0778","778","","same entity","codex-browser-review","codex-browser-independent-review","3","https://www.wandafilm.com/xwzx/gdkx/3ee510d492231f259505db4efaf114ab.html | https://news.hndaily.cn/h5/html5/2016-10/21/content_18_3.htm | https://www.amap.com/place/B0FFHE21W9","万达官方资料、海南公开报道和影院名单均确认海口日月广场店；AMap候选为国兴大道日月广场水瓶座店，接受精确影院实体。"
"imax-cn-0827","827","武汉CGV影城（光谷店）","acceptedHistoricalLocation","codex-browser-review","codex-browser-independent-review","3","https://xgh.cug.edu.cn/info/1044/1046.htm | https://wh.bendibao.com/xiuxian/2015713/71124.shtm | https://www.guanggu.org/forum.php?extra=page%3D1&mod=viewthread&ordertype=1&page=2&tid=7677","高校公开影院兑换资料和武汉本地宝均把CGV光谷店锁定到光谷步行街4期德国风情街8号楼；公开闭店信息确认该店于2023年停止营业。当前AMap的中影天河店是另一运营方/另一影院，拒绝合并；坐标仅作历史venue-level锚点。"
"imax-cn-0891","891","基隆國立海洋科技博物館","same mall/venue only","codex-browser-review","codex-browser-independent-review","3","https://www.tad.gov.tw/m1.aspx?id=A12-00221&sNo=0001105 | https://www.nmmst.gov.tw/chhtml/content/29/1190 | https://www.nmmst.gov.tw/chhtml/content/29/4870","台湾官方观光资料确认国立海洋科技博物馆地址和坐标，馆方资料确认IMAX 3D海洋剧场。现有AMap无可用候选，只物化场馆级位置，不虚构独立影院入口POI。"
"imax-cn-0805","805","重庆越界影城（大学城店）","acceptedHistoricalLocation","codex-browser-review","codex-browser-independent-review","3","https://m.dongfangfuli.com/cinema/list?city=177&region_id=1492 | https://qccdata.qichacha.com/ReportData/PDF/fe5e22ba32ed0ac74009e15be3b66e13.pdf | https://www.google.com/maps/place/%E5%8F%B0%E5%8C%97%E5%9F%8E%E7%94%9F%E6%B4%BB%E5%B9%BF%E5%9C%BA/@29.586057,106.306618,17z/data=!3m1!4b1!4m6!3m5!1s0x36ecc6649349df5b:0xd1a35cbefd661453!8m2!3d29.586057!4d106.306618!16s%2Fg%2F11cm1mnz3w?entry=ttu","独立历史影院资料和企业登记资料共同将越界大学城IMAX锁定在大学城中路9号台北城生活广场4楼；Google地图仅提供台北城生活广场的场馆级WGS84位置锚点。拒绝AMap最佳候选B0FFIBSMOM（荣昌区越界·金太郎电影城），不把当前或其他越界分店写成同一影院。"
"imax-cn-0883","883","淮北金逸影城（IMAX店）","acceptedHistoricalLocation","codex-browser-review","codex-browser-independent-review","3","https://static.cninfo.com.cn/finalpage/2017-09-20/1203987558.PDF | https://www.sohu.com/a/244691238_771734 | https://www.google.com/maps/place/%E6%B5%B7%E5%AE%B9%E5%B9%BF%E5%9C%BA/@33.94002,116.8024,17z/data=!3m1!4b1!4m6!3m5!1s0x35cf41de7e17df0f:0x14fc751d153ff8a7!8m2!3d33.94002!4d116.8024!16s%2Fg%2F11swtghzbl?entry=ttu","金逸影视公开披露和历史IMAX资料共同将淮北金逸锁定在相山路与南黎路交汇处海容商业广场第三层；Google地图公开地点页确认南黎路138号海容广场位置锚点。拒绝AMap候选B0FFJMAOHB（国购影城）及淮北万达分店，不把其他影院或后续运营方写成金逸same entity。"
